date,SPY,TLT,GLD,BTC-USD
2020-01-02,296.888245,114.166550,143.949997,6985.470215
2020-01-03,294.640137,115.924675,145.860001,7344.884277
2020-01-06,295.764099,115.266426,147.389999,7769.219238
2020-01-07,294.932495,114.699799,147.970001,8163.692383
2020-01-08,296.504364,113.941505,146.860001,8079.862793
2020-01-09,298.514862,114.341492,146.029999,7879.071289
2020-01-10,297.655731,115.358124,146.910004,8166.554199
2020-01-13,299.702881,115.008118,145.820007,8144.194336
2020-01-14,299.245911,115.599739,145.690002,8827.764648
2020-01-15,299.922302,116.366364,146.539993,8807.010742
2020-01-16,302.417023,115.999725,146.309998,8723.786133
2020-01-17,303.358429,115.008118,146.580002,8929.038086
2020-01-21,302.764435,116.216415,146.740005,8745.894531
2020-01-22,302.800873,116.624702,146.789993,8680.875977
2020-01-23,303.148163,117.441238,147.119995,8406.515625
2020-01-24,300.452209,118.391197,147.979996,8445.434570
2020-01-27,295.636200,120.232689,148.990005,8909.819336
2020-01-28,298.734192,119.291107,147.660004,9358.589844
2020-01-29,298.487427,120.457703,148.460007,9316.629883
2020-01-30,299.456146,120.474350,148.470001,9508.993164
2020-01-31,294.018677,121.574280,149.330002,9350.529297
2020-02-03,296.202759,121.475769,148.360001,9293.521484
2020-02-04,300.717285,119.839897,146.429993,9180.962891
2020-02-05,304.189911,118.529503,146.610001,9613.423828
2020-02-06,305.213501,119.063629,147.399994,9729.801758
2020-02-07,303.586761,120.549347,147.789993,9795.943359
2020-02-10,305.853180,120.883194,148.169998,9856.611328
2020-02-11,306.383240,120.273911,147.660004,10208.236328
2020-02-12,308.357178,119.664627,147.539993,10326.054688
2020-02-13,308.028168,120.123634,148.380005,10214.379883
2020-02-14,308.521667,120.649483,149.000000,10312.116211
2020-02-18,307.726624,121.475769,150.910004,10141.996094
2020-02-19,309.197906,121.467476,151.789993,9633.386719
2020-02-20,307.927704,122.418945,152.410004,9608.475586
2020-02-21,304.756531,123.562401,154.699997,9686.441406
2020-02-24,294.649231,125.407051,156.089996,9650.174805
2020-02-25,285.720703,126.074791,153.300003,9341.705078
2020-02-26,284.669739,125.407051,153.970001,8820.522461
2020-02-27,271.884827,126.767517,154.000000,8784.494141
2020-02-28,270.742432,129.630447,148.380005,8672.455078
2020-03-02,282.467346,128.676651,149.199997,8869.669922
2020-03-03,274.379608,130.674408,153.889999,8787.786133
2020-03-04,285.912659,129.286865,154.160004,8755.246094
2020-03-05,276.408417,132.505020,157.490005,9078.762695
2020-03-06,271.839020,139.401077,157.550003,9122.545898
2020-03-09,250.609909,143.179306,157.809998,7923.644531
2020-03-10,263.577698,135.840195,154.479996,7909.729492
2020-03-11,250.728729,130.841614,153.929993,7911.430176
2020-03-12,226.739700,131.652435,147.789993,4970.788086
2020-03-13,246.122833,128.676651,143.279999,5563.707031
2020-03-16,219.191177,137.010437,141.639999,5014.479980
2020-03-17,231.025742,127.874229,143.559998,5225.629395
2020-03-18,219.328201,120.660477,140.699997,5238.438477
2020-03-19,219.794312,123.945534,138.039993,6191.192871
2020-03-20,210.322418,133.265640,140.110001,6198.778320
2020-03-23,204.944885,138.757416,146.300003,6416.314941
2020-03-24,223.513550,136.174591,153.399994,6734.803711
2020-03-25,226.859619,135.865311,151.300003,6681.062988
2020-03-26,240.105835,136.533997,153.240005,6716.440430
2020-03-27,232.954147,140.178452,152.250000,6469.798340
2020-03-30,240.519501,139.024918,152.919998,6429.841797
2020-03-31,236.934464,137.896439,148.050003,6438.644531
2020-04-01,226.271317,139.828461,149.449997,6606.776367
2020-04-02,231.492554,140.715836,151.899994,6793.624512
2020-04-03,228.146561,141.050690,152.649994,6733.387207
2020-04-06,243.470322,140.682373,156.880005,7271.781250
2020-04-07,243.718506,139.209030,156.039993,7176.414551
2020-04-08,251.899658,138.196152,154.649994,7334.098633
2020-04-09,255.732986,138.447327,158.690002,7302.089355
2020-04-13,253.398132,137.183304,161.410004,6845.037598
2020-04-14,260.871490,137.149826,162.679993,6842.427734
2020-04-15,255.328445,140.782806,161.850006,6642.109863
2020-04-16,256.560303,142.381668,161.710007,7116.804199
2020-04-17,263.491394,140.473038,158.570007,7096.184570
2020-04-20,258.849213,141.603165,159.699997,6881.958496
2020-04-21,250.989716,143.386169,158.610001,6880.323242
2020-04-22,256.560303,141.921280,161.729996,7117.207520
2020-04-23,256.541901,142.674622,163.339996,7429.724609
2020-04-24,260.117767,143.009521,162.639999,7550.900879
2020-04-27,263.868256,140.347549,161.559998,7795.601074
2020-04-28,262.654877,141.963089,160.839996,7807.058594
2020-04-29,269.530762,141.226532,161.729996,8801.038086
2020-04-30,267.021332,139.577393,158.800003,8658.553711
2020-05-01,259.952240,140.772675,159.779999,8864.766602
2020-05-04,260.669281,140.110489,160.339996,8912.654297
2020-05-05,263.077698,139.213638,161.020004,9003.070312
2020-05-06,261.294342,136.967316,158.949997,9268.761719
2020-05-07,264.447357,139.255463,161.389999,9951.518555
2020-05-08,268.822937,137.445068,160.419998,9842.666016
2020-05-11,268.878113,136.372192,159.419998,8601.795898
2020-05-12,263.519012,137.771942,160.039993,8804.477539
2020-05-13,258.858459,138.735901,161.580002,9269.987305
2020-05-14,261.956268,140.093704,163.009995,9733.721680
2020-05-15,263.160400,139.733246,163.929993,9328.197266
2020-05-18,271.176239,136.665604,162.690002,9726.575195
2020-05-19,268.390961,137.176819,164.259995,9729.038086
2020-05-20,272.950317,137.587555,164.649994,9522.981445
2020-05-21,271.065918,137.931198,162.250000,9081.761719
2020-05-22,271.580688,138.760941,163.210007,9182.577148
2020-05-26,274.926758,136.900284,160.889999,8835.052734
2020-05-27,279.017334,136.648773,161.179993,9181.017578
2020-05-28,278.502594,136.145813,161.720001,9525.750977
2020-05-29,279.743500,137.118149,162.910004,9439.124023
2020-06-01,280.874268,136.194977,163.660004,10167.268555
2020-06-02,283.199921,135.699829,162.600006,9529.803711
2020-06-03,286.968719,133.895370,159.600006,9656.717773
2020-06-04,286.214996,131.956757,161.279999,9800.636719
2020-06-05,293.550598,131.016754,158.009995,9665.533203
2020-06-08,297.098846,131.520279,159.720001,9771.489258
2020-06-09,294.883514,133.014236,161.259995,9795.700195
2020-06-10,293.238037,134.986420,163.570007,9870.094727
2020-06-11,276.333099,137.537827,162.389999,9321.781250
2020-06-12,279.642395,136.211777,162.619995,9480.843750
2020-06-15,282.253082,136.287247,162.330002,9450.702148
2020-06-16,287.685852,134.197464,162.250000,9538.024414
2020-06-17,286.490814,134.751511,162.559998,9480.254883
2020-06-18,286.601135,136.178177,162.240005,9411.840820
2020-06-19,284.963165,136.287247,164.029999,9288.018555
2020-06-22,286.791321,136.304138,165.089996,9648.717773
2020-06-23,288.111633,135.372498,166.479996,9629.658203
2020-06-24,280.762299,136.824417,165.899994,9313.610352
2020-06-25,283.772125,137.218872,165.800003,9264.813477
2020-06-26,277.032135,138.687561,166.539993,9162.917969
2020-06-29,281.103851,138.251221,166.630005,9190.854492
2020-06-30,284.704620,137.579758,167.369995,9137.993164
2020-07-01,286.698944,137.312607,166.619995,9228.325195
2020-07-02,288.277802,137.455460,166.979996,9123.410156
2020-07-06,292.727997,136.892426,167.979996,9375.474609
2020-07-07,289.708893,138.816605,169.039993,9252.277344
2020-07-08,291.924805,138.262054,170.089996,9428.333008
2020-07-09,290.262878,140.463486,169.630005,9277.967773
2020-07-10,293.226562,139.757675,169.190002,9278.807617
2020-07-13,290.687622,140.219742,169.399994,9243.614258
2020-07-14,294.454590,140.421478,170.190002,9243.213867
2020-07-15,297.159760,139.766037,170.339996,9192.836914
2020-07-16,296.181213,140.429840,168.729996,9132.227539
2020-07-17,297.039764,140.135818,170.119995,9151.392578
2020-07-20,299.440399,140.480270,170.940002,9164.231445
2020-07-21,300.077362,140.564285,173.000000,9374.887695
2020-07-22,301.785461,140.984421,175.630005,9525.363281
2020-07-23,298.184631,142.631271,177.179993,9581.072266
2020-07-24,296.264282,142.622910,178.699997,9536.892578
2020-07-27,298.424744,142.093506,182.229996,10990.873047
2020-07-28,296.531952,143.076599,183.750000,10912.823242
2020-07-29,300.178955,142.832993,185.130005,11100.467773
2020-07-30,299.107910,143.774048,183.759995,11111.213867
2020-07-31,301.471558,143.681641,185.429993,11323.466797
2020-08-03,303.567383,142.958252,185.639999,11246.348633
2020-08-04,304.739929,144.320908,189.589996,11205.892578
2020-08-05,306.632690,143.059189,191.350006,11747.022461
2020-08-06,308.682373,143.858246,193.889999,11779.773438
2020-08-07,308.903961,142.899338,190.809998,11601.472656
2020-08-10,309.827332,142.259964,190.149994,11878.111328
2020-08-11,307.269806,140.569260,179.940002,11410.525391
2020-08-12,311.553864,139.290634,179.100006,11584.934570
2020-08-13,310.990631,137.801743,183.330002,11784.137695
2020-08-14,310.999878,137.263443,182.539993,11768.871094
2020-08-17,311.987732,137.608292,186.500000,12254.402344
2020-08-18,312.661896,138.592407,188.179993,11991.233398
2020-08-19,311.359955,137.725983,182.240005,11758.283203
2020-08-20,312.329376,138.971008,183.500000,11878.372070
2020-08-21,313.437347,139.803741,182.029999,11592.489258
2020-08-24,316.613464,139.576614,181.000000,11774.595703
2020-08-25,317.721313,138.508362,181.220001,11366.134766
2020-08-26,320.906708,137.978394,183.360001,11488.363281
2020-08-27,321.608459,135.631531,181.240005,11323.397461
2020-08-28,323.685822,135.530533,184.389999,11542.500000
2020-08-31,322.513275,136.430634,184.830002,11680.820312
2020-09-01,325.550781,137.991150,185.050003,11970.478516
2020-09-02,330.259552,139.304855,182.619995,11414.034180
2020-09-03,318.893982,139.700623,181.139999,10245.296875
2020-09-04,316.290314,137.047943,181.639999,10511.813477
2020-09-08,307.648224,137.890045,181.289993,10131.516602
2020-09-09,313.723602,137.519531,183.050003,10242.347656
2020-09-10,308.276184,138.218491,182.460007,10363.138672
2020-09-11,308.433167,138.513275,182.449997,10400.915039
2020-09-14,312.495605,138.504822,183.889999,10680.837891
2020-09-15,314.074463,138.167938,183.449997,10796.951172
2020-09-16,312.828003,137.755280,183.970001,10974.905273
2020-09-17,310.076599,138.176346,182.960007,10948.990234
2020-09-18,306.506775,137.746933,183.199997,10944.585938
2020-09-21,303.095520,138.445816,179.520004,10462.259766
2020-09-22,306.182373,138.336334,178.649994,10538.459961
2020-09-23,299.081665,138.521713,174.789993,10246.186523
2020-09-24,299.878876,139.052200,175.440002,10760.066406
2020-09-25,304.727020,139.052200,174.940002,10692.716797
2020-09-28,309.788239,138.656357,176.699997,10709.652344
2020-09-29,308.101196,138.816406,178.190002,10844.640625
2020-09-30,310.437195,137.485840,177.119995,10784.491211
2020-10-01,312.430237,137.712616,178.699997,10619.452148
2020-10-02,309.463776,137.198395,178.539993,10575.974609
2020-10-05,314.951599,134.517639,179.410004,10793.339844
2020-10-06,310.474304,135.242569,177.300003,10604.406250
2020-10-07,315.878601,134.256241,177.220001,10668.968750
2020-10-08,318.678131,134.981293,177.850006,10915.685547
2020-10-09,321.523926,134.955933,181.080002,11064.458008
2020-10-12,326.696411,135.385941,180.559998,11555.363281
2020-10-13,324.564362,136.355408,177.720001,11425.899414
2020-10-14,322.525085,136.667267,178.270004,11429.506836
2020-10-15,322.126434,136.431213,178.919998,11495.349609
2020-10-16,321.931793,136.051895,178.300003,11322.123047
2020-10-19,317.037262,135.537674,178.389999,11742.037109
2020-10-20,318.307281,134.247833,179.250000,11916.334961
2020-10-21,317.704620,133.784149,180.600006,12823.689453
2020-10-22,319.447388,132.393219,178.830002,12965.891602
2020-10-23,320.532013,133.202545,178.639999,12931.539062
2020-10-26,314.608582,134.441757,178.550003,13075.248047
2020-10-27,313.524017,135.343765,179.020004,13654.218750
2020-10-28,302.808167,135.470215,176.130005,13271.285156
2020-10-29,305.885773,134.155197,175.399994,13437.882812
2020-10-30,302.696808,132.831665,176.199997,13546.522461
2020-11-02,306.089722,133.826584,177.910004,13550.489258
2020-11-03,311.493958,133.050217,178.919998,13950.300781
2020-11-04,318.455627,135.936310,178.820007,14133.707031
2020-11-05,324.666412,136.172653,182.929993,15579.848633
2020-11-06,324.592194,134.527039,183.190002,15565.880859
2020-11-09,328.670929,131.699951,175.080002,15332.315430
2020-11-10,328.188873,130.940475,175.660004,15290.902344
2020-11-11,330.626923,131.413055,174.899994,15701.339844
2020-11-12,327.419586,133.649368,175.960007,16276.343750
2020-11-13,331.952423,133.472137,177.160004,16317.808594
2020-11-16,336.096069,133.151489,177.149994,16716.111328
2020-11-17,334.288391,134.020752,176.500000,17645.406250
2020-11-18,330.265411,134.408936,175.490005,17804.005859
2020-11-19,331.655792,135.100876,175.160004,17817.089844
2020-11-20,329.384766,136.299301,175.690002,18621.314453
2020-11-23,331.359222,135.674683,172.229996,18364.121094
2020-11-24,336.698639,134.324509,169.589996,19107.464844
2020-11-25,336.179443,133.910980,169.509995,18732.121094
2020-11-27,337.115784,135.210648,167.789993,17108.402344
2020-11-30,335.623322,135.041855,166.669998,19625.835938
2020-12-01,339.294159,133.050705,170.179993,18802.998047
2020-12-02,340.007935,131.994827,171.460007,19201.091797
2020-12-03,339.915222,133.059143,172.809998,19445.398438
2020-12-04,342.844421,131.107758,172.320007,18699.765625
2020-12-07,342.139893,132.290436,174.889999,19191.630859
2020-12-08,343.141205,132.915527,175.500000,18321.144531
2020-12-09,340.063568,132.476303,172.500000,18553.916016
2020-12-10,339.952362,133.650482,172.169998,18264.992188
2020-12-11,339.553619,134.123596,172.490005,18058.904297
2020-12-14,338.033447,133.751770,171.539993,19246.644531
2020-12-15,342.603485,133.304123,173.940002,19417.076172
2020-12-16,343.141205,132.949326,174.899994,21310.597656
2020-12-17,345.059937,132.597534,176.740005,22805.162109
2020-12-18,343.682251,132.200073,176.440002,23137.960938
2020-12-21,342.453308,132.724365,175.880005,22803.082031
2020-12-22,341.876251,133.409424,174.490005,23783.029297
2020-12-23,342.183350,132.487564,175.649994,23241.345703
2020-12-24,343.514587,133.011902,176.350006,23735.949219
2020-12-28,346.465637,133.071091,175.710007,27084.808594
2020-12-29,345.804657,132.902008,176.350006,27362.437500
2020-12-30,346.298065,133.189484,177.699997,28840.953125
2020-12-31,348.057617,133.383957,178.360001,29001.720703
2021-01-04,343.319122,133.223328,182.330002,31971.914062
2021-01-05,345.683685,132.233871,182.869995,33992.429688
2021-01-06,347.750366,129.519363,179.899994,36824.363281
2021-01-07,352.917084,128.377731,179.479996,39371.042969
2021-01-08,354.927948,127.963448,173.339996,40797.609375
2021-01-11,352.535339,127.751968,173.000000,35566.656250
2021-01-12,352.609802,127.650475,174.119995,33922.960938
2021-01-13,353.559479,129.088043,173.369995,37316.359375
2021-01-14,352.321228,127.878838,173.279999,39187.328125
2021-01-15,349.751953,128.386246,171.130005,36825.367188
2021-01-19,352.498108,128.800598,172.580002,36069.804688
2021-01-20,357.376251,128.927429,175.389999,35547.750000
2021-01-21,357.701935,128.022583,175.279999,30825.699219
2021-01-22,356.435913,128.436935,173.899994,33005.761719
2021-01-25,357.841705,129.950623,174.050003,32366.392578
2021-01-26,357.283173,129.705460,173.619995,32569.849609
2021-01-27,348.551025,130.035202,172.520004,30432.546875
2021-01-28,351.548553,129.316422,172.679993,33466.097656
2021-01-29,344.510803,128.538437,172.610001,34316.386719
2021-02-01,350.245331,128.687424,174.229996,33537.175781
2021-02-02,355.197906,127.857773,172.110001,35510.289062
2021-02-03,355.477081,126.723236,171.850006,37472.089844
2021-02-04,359.517426,126.384628,168.149994,36926.066406
2021-02-05,360.932404,125.326332,169.809998,38144.308594
2021-02-08,363.539062,125.876625,171.520004,46196.464844
2021-02-09,363.296967,125.969788,172.080002,46481.105469
2021-02-10,363.138611,126.807861,172.710007,44918.183594
2021-02-11,363.725311,126.113701,171.210007,47909.332031
2021-02-12,365.521912,124.547386,170.690002,47504.851562
2021-02-16,365.205383,122.650978,168.240005,49199.871094
2021-02-17,365.289185,123.429878,166.330002,52149.007812
2021-02-18,363.734589,122.930359,166.320007,51679.796875
2021-02-19,363.092163,121.296387,167.009995,55888.132812
2021-02-22,360.299347,120.373543,169.509995,54207.320312
2021-02-23,360.736877,120.026428,169.119995,48824.425781
2021-02-24,364.711914,119.239052,169.000000,49705.332031
2021-02-25,355.924011,117.291771,165.820007,47093.851562
2021-02-26,354.090027,121.169418,161.809998,46339.761719
2021-03-01,362.673248,119.569008,161.529999,49631.242188
2021-03-02,359.843140,119.577538,162.410004,48378.988281
2021-03-03,355.076843,118.280609,160.619995,50538.242188
2021-03-04,350.682831,117.517693,159.039993,48561.167969
2021-03-05,357.134216,117.746582,159.139999,48927.304688
2021-03-08,355.356049,116.831154,157.490005,52246.523438
2021-03-09,360.429718,118.450127,160.839996,54824.117188
2021-03-10,362.673248,118.687477,161.660004,56008.550781
2021-03-11,366.350433,117.831367,161.520004,57805.121094
2021-03-12,366.843903,115.330811,161.490005,57332.089844
2021-03-15,369.031525,116.008919,162.199997,55907.199219
2021-03-16,368.566071,115.542717,162.350006,56804.902344
2021-03-17,369.822784,114.678154,163.509995,58870.894531
2021-03-18,364.441986,113.516846,162.559998,57858.921875
2021-03-19,363.767700,114.220398,163.240005,58346.652344
2021-03-22,366.672363,115.500336,163.000000,54529.144531
2021-03-23,363.786377,116.542961,161.809998,54738.945312
2021-03-24,361.937073,117.170189,162.369995,52774.265625
2021-03-25,363.973175,116.246292,161.779999,51704.160156
2021-03-26,369.838593,115.839386,162.240005,55137.312500
2021-03-29,369.651825,114.856110,160.309998,57750.199219
2021-03-30,368.671082,115.457962,157.570007,58917.691406
2021-03-31,370.165466,114.813736,159.960007,58918.832031
2021-04-01,374.162872,116.719299,161.979996,59095.808594
2021-04-05,379.533295,116.210045,161.919998,59057.878906
2021-04-06,379.309174,116.999374,163.220001,58192.359375
2021-04-07,379.748108,116.184540,162.759995,56048.937500
2021-04-08,381.550659,117.143707,164.509995,58323.953125
2021-04-09,384.324615,116.719299,163.270004,58245.003906
2021-04-12,384.464783,116.668442,162.279999,59893.453125
2021-04-13,385.604156,117.542671,163.429993,63503.457031
2021-04-14,384.287323,117.169167,162.720001,63109.695312
2021-04-15,388.415497,119.129898,165.350006,63314.011719
2021-04-16,389.713806,118.204704,166.350006,61572.789062
2021-04-19,387.799103,117.865204,165.889999,55724.265625
2021-04-20,384.959808,118.408424,166.479996,56473.031250
2021-04-21,388.602264,118.646080,168.130005,53906.089844
2021-04-22,385.053101,119.163895,167.039993,51762.273438
2021-04-23,389.227997,118.883751,166.399994,51093.652344
2021-04-26,390.040588,118.713989,166.839996,54021.753906
2021-04-27,389.956573,117.678429,166.419998,55033.117188
2021-04-28,389.844482,117.754868,166.910004,54824.703125
2021-04-29,392.328918,117.406822,166.220001,53555.109375
2021-04-30,389.751068,117.678429,165.660004,57750.175781
2021-05-03,390.591736,117.749001,167.809998,57200.292969
2021-05-04,388.181976,118.548050,166.580002,53333.539062
2021-05-05,388.303406,118.743553,167.270004,57424.007812
2021-05-06,391.404266,118.939110,170.059998,56396.515625
2021-05-07,394.252899,118.352570,171.589996,57356.402344
2021-05-10,390.348846,117.153984,172.110001,55859.796875
2021-05-11,386.865112,116.490913,172.139999,56704.574219
2021-05-12,378.645996,115.266876,170.429993,49150.535156
2021-05-13,383.194519,115.445366,171.130005,49716.191406
2021-05-14,389.078583,116.524925,172.690002,49880.535156
2021-05-17,388.088623,116.278435,174.699997,43537.511719
2021-05-18,384.744965,115.980942,175.039993,42909.402344
2021-05-19,383.736267,115.700401,175.160004,37002.441406
2021-05-20,387.864471,116.652481,175.960007,40782.738281
2021-05-21,387.546875,117.026474,176.039993,37304.691406
2021-05-24,391.497620,117.459999,176.350006,38705.980469
2021-05-25,390.629120,118.548050,177.949997,38402.222656
2021-05-26,391.404266,118.344063,177.639999,39294.199219
2021-05-27,391.609711,117.868019,177.710007,38436.968750
2021-05-28,392.310272,117.681030,178.380005,35697.605469
2021-06-01,391.964661,117.654625,177.899994,36684.925781
2021-06-02,392.581024,117.927063,178.770004,37575.179688
2021-06-03,391.124084,117.484337,175.270004,39208.765625
2021-06-04,394.701172,119.093262,177.160004,36894.406250
2021-06-07,394.318298,118.727242,177.869995,33560.707031
2021-06-08,394.402313,119.561478,177.320007,33472.632812
2021-06-09,393.813965,120.617035,176.979996,37345.121094
2021-06-10,395.644531,121.340630,177.740005,36702.597656
2021-06-11,396.298248,121.144852,175.740005,37334.398438
2021-06-14,397.185608,120.216934,174.710007,40218.476562
2021-06-15,396.457184,120.072227,174.050003,40406.269531
2021-06-16,394.243591,119.970047,171.110001,38347.062500
2021-06-17,394.112732,121.766258,165.850006,38053.503906
2021-06-18,388.795990,124.056206,164.929993,35787.246094
2021-06-21,394.362061,121.979095,166.949997,31676.693359
2021-06-22,396.470337,122.277023,166.250000,32505.660156
2021-06-23,395.992493,121.962051,166.139999,33723.027344
2021-06-24,398.335175,122.157906,166.039993,34662.437500
2021-06-25,399.749969,120.889450,166.589996,31637.779297
2021-06-28,400.555817,122.132286,166.580002,34434.335938
2021-06-29,400.771423,122.336632,164.830002,35867.777344
2021-06-30,401.108795,122.881424,165.630005,35040.835938
2021-07-01,403.329529,122.888268,166.199997,33572.117188
2021-07-02,406.412292,123.629776,167.289993,33897.046875
2021-07-06,405.672089,125.078850,168.119995,34235.195312
2021-07-07,407.105774,126.186897,168.759995,33855.328125
2021-07-08,403.788635,126.681366,168.649994,32877.371094
2021-07-09,408.099030,124.899940,169.210007,33798.011719
2021-07-12,409.560791,124.737892,169.000000,33155.847656
2021-07-13,408.164703,123.783272,169.220001,32702.025391
2021-07-14,408.773621,125.189674,171.039993,32822.347656
2021-07-15,407.377563,126.570580,171.070007,31780.730469
2021-07-16,404.182220,126.331955,169.410004,31421.539062
2021-07-19,398.213257,129.102097,169.610001,30817.832031
2021-07-20,403.919800,127.857681,169.389999,29807.347656
2021-07-21,407.190125,126.238129,168.759995,32110.693359
2021-07-22,408.042816,127.431412,169.089996,32313.105469
2021-07-23,412.240753,126.579071,168.559998,33581.550781
2021-07-26,413.252716,126.203987,168.160004,37337.535156
2021-07-27,411.369263,127.550758,168.440002,39406.941406
2021-07-28,411.200623,127.559326,169.289993,39995.906250
2021-07-29,412.906067,126.851868,171.169998,40008.421875
2021-07-30,410.900757,127.448502,169.820007,42235.546875
2021-08-02,410.038635,128.585312,169.610001,39201.945312
2021-08-03,413.374481,128.653580,169.490005,38152.980469
2021-08-04,411.341248,128.918137,169.529999,39747.503906
2021-08-05,413.946228,128.260956,168.860001,40869.554688
2021-08-06,414.630188,126.118896,164.639999,42816.500000
2021-08-09,414.292847,125.666504,161.720001,46365.402344
2021-08-10,414.808258,125.086212,161.770004,45585.031250
2021-08-11,415.839020,125.009415,164.000000,45593.636719
2021-08-12,417.085236,124.804634,164.039993,44428.289062
2021-08-13,417.844269,126.776024,166.389999,47793.320312
2021-08-16,418.828125,127.083260,167.220001,46004.484375
2021-08-17,416.082611,127.032051,166.970001,44695.359375
2021-08-18,411.528625,127.458702,167.100006,44801.187500
2021-08-19,412.165833,128.397552,166.610001,46717.578125
2021-08-20,415.445404,128.482880,166.699997,49339.175781
2021-08-23,419.099945,128.397552,168.729996,49546.148438
2021-08-24,419.765137,127.398994,168.649994,47706.117188
2021-08-25,420.645996,126.340721,167.479996,48960.789062
2021-08-26,418.162842,126.690697,167.669998,46942.218750
2021-08-27,421.901642,127.552635,170.190002,49058.667969
2021-08-30,423.756958,127.885445,169.350006,47054.984375
2021-08-31,423.129089,127.014946,169.690002,47166.687500
2021-09-01,423.353943,127.227814,169.699997,48847.027344
2021-09-02,424.656494,127.783150,169.250000,49327.722656
2021-09-03,424.553406,126.621040,171.059998,50025.375000
2021-09-07,423.035400,125.552910,167.710007,46811.128906
2021-09-08,422.520020,126.407433,167.289993,46091.390625
2021-09-09,420.711548,127.936974,168.029999,46391.421875
2021-09-10,417.394501,126.809074,167.179993,44883.910156
2021-09-13,418.462708,127.578079,167.740005,44963.074219
2021-09-14,416.204437,129.124710,168.820007,47092.492188
2021-09-15,419.680817,128.671875,167.830002,48176.347656
2021-09-16,419.015533,128.082275,164.029999,47783.359375
2021-09-17,414.933868,127.466949,163.770004,47267.519531
2021-09-20,408.015167,129.047852,164.940002,42843.800781
2021-09-21,407.629852,128.936722,166.039993,40693.675781
2021-09-22,411.606110,129.705826,165.419998,43574.507812
2021-09-23,416.607147,126.774841,163.509995,44895.097656
2021-09-24,417.293304,125.535820,163.300003,42839.750000
2021-09-27,416.099518,125.074333,163.639999,42235.730469
2021-09-28,407.714294,123.126144,162.050003,41034.542969
2021-09-29,408.400574,123.339729,161.320007,41564.363281
2021-09-30,403.408997,123.322639,164.220001,43790.894531
2021-10-01,408.203156,124.360489,164.589996,48116.941406
2021-10-04,402.938995,124.043915,165.360001,49112.902344
2021-10-05,407.131622,122.846062,164.589996,51514.812500
2021-10-06,408.823669,123.539085,165.029999,55361.449219
2021-10-07,412.358154,122.247131,164.160004,53805.984375
2021-10-08,411.606110,121.391556,164.229996,53967.847656
2021-10-11,408.626221,121.083511,163.919998,57484.789062
2021-10-12,407.620361,123.154068,164.660004,56041.058594
2021-10-13,409.086823,124.351913,167.589996,57401.097656
2021-10-14,415.967957,124.813919,168.000000,57321.523438
2021-10-15,419.135864,124.086700,165.330002,61593.949219
2021-10-18,420.376740,124.668472,164.919998,62026.078125
2021-10-19,423.619873,122.948776,165.449997,64261.992188
2021-10-20,425.283783,122.118774,166.899994,65992.835938
2021-10-21,426.393005,121.973389,166.750000,62210.171875
2021-10-22,425.951141,123.316635,167.770004,60692.265625
2021-10-25,428.235413,123.128387,168.929993,63039.824219
2021-10-26,428.620880,124.146545,167.679993,60363.792969
2021-10-27,426.722076,126.405327,168.119995,58482.386719
2021-10-28,430.839417,125.977531,168.080002,60622.136719
2021-10-29,431.713623,126.362534,166.649994,62227.964844
2021-11-01,432.456238,125.452789,167.520004,61004.406250
2021-11-02,434.204742,126.009674,167.160004,63226.402344
2021-11-03,436.855591,124.707481,165.770004,62970.046875
2021-11-04,438.914337,126.018181,167.649994,61452.230469
2021-11-05,440.437195,127.902870,169.839996,61125.675781
2021-11-08,440.813202,127.663002,170.449997,67566.828125
2021-11-09,439.356110,129.325012,171.289993,66971.828125
2021-11-10,435.821625,126.960518,173.149994,64995.230469
2021-11-11,435.962616,126.771988,174.119995,64949.960938
2021-11-12,439.252716,126.215157,174.449997,64155.941406
2021-11-15,439.403107,124.630295,174.179993,63557.871094
2021-11-16,441.142181,124.313339,172.919998,60161.246094
2021-11-17,440.070648,125.298531,174.500000,60368.011719
2021-11-18,441.565277,125.769783,173.940002,56942.136719
2021-11-19,440.775574,127.097610,172.610001,58119.578125
2021-11-22,439.534760,125.606964,168.740005,56289.289062
2021-11-23,440.117615,123.790779,167.279999,57569.074219
2021-11-24,441.292572,125.778313,167.119995,56280.425781
2021-11-26,431.450439,128.956589,166.850006,53569.765625
2021-11-29,436.742859,127.920036,166.619995,57806.566406
2021-11-30,428.244843,129.864670,165.500000,57005.425781
2021-12-01,423.488220,130.665894,166.160004,57229.828125
2021-12-02,429.974487,130.828766,165.240005,56477.816406
2021-12-03,426.233185,132.389786,166.630005,53598.246094
2021-12-06,431.281219,130.571411,166.220001,50582.625000
2021-12-07,440.202179,129.516388,166.809998,50700.085938
2021-12-08,441.367859,127.277725,166.899994,50504.796875
2021-12-09,438.387939,127.989716,165.880005,47672.121094
2021-12-10,442.514679,127.680893,166.580002,47243.304688
2021-12-13,438.594727,129.567947,167.000000,46737.480469
2021-12-14,435.577148,129.259125,165.440002,46612.632812
2021-12-15,442.383118,128.015396,166.149994,48896.722656
2021-12-16,438.481995,128.065231,168.160004,47665.425781
2021-12-17,433.815125,129.516403,167.800003,46202.144531
2021-12-20,429.202240,128.546097,167.089996,46880.277344
2021-12-21,436.824493,128.056580,167.020004,48936.613281
2021-12-22,441.192139,128.649124,168.589996,48628.511719
2021-12-23,443.937286,127.532829,168.970001,50784.539062
2021-12-27,450.219971,127.841995,169.369995,50640.417969
2021-12-28,449.852020,127.335335,168.639999,47588.855469
2021-12-29,450.427490,125.944237,168.589996,46444.710938
2021-12-30,449.182220,127.000481,169.800003,47178.125000
2021-12-31,448.050293,127.249481,170.960007,46306.445312
2022-01-03,450.644409,123.909164,168.330002,46458.117188
2022-01-04,450.493439,123.393959,169.570007,45897.574219
2022-01-05,441.842987,122.724167,169.059998,43569.003906
2022-01-06,441.427917,123.041840,166.990005,43160.929688
2022-01-07,439.682800,122.157372,167.750000,41557.902344
2022-01-10,439.135712,122.457985,168.259995,41821.261719
2022-01-11,443.135468,123.273712,170.289993,42735.855469
2022-01-12,444.333496,122.801453,170.740005,43949.101562
2022-01-13,438.211151,123.891960,170.160004,42591.570312
2022-01-14,438.390442,122.020035,169.669998,43099.699219
2022-01-18,430.626648,120.302666,169.389999,42375.632812
2022-01-19,426.155243,121.135597,172.080002,41744.328125
2022-01-20,421.438538,121.882637,171.649994,40680.417969
2022-01-21,413.165375,123.333824,171.089996,36457.316406
2022-01-24,414.920013,122.320572,172.029999,36654.328125
2022-01-25,409.854248,122.123100,172.580002,36954.003906
2022-01-26,408.826080,120.646172,169.789993,36852.121094
2022-01-27,406.807281,122.861565,167.600006,37138.234375
2022-01-28,416.910522,122.904449,167.100006,37784.332031
2022-01-31,424.419525,122.269043,168.089996,38483.125000
2022-02-01,427.287262,121.863258,168.229996,38743.273438
2022-02-02,431.437958,122.275955,168.839996,36952.984375
2022-02-03,421.297028,121.321426,168.600006,37154.601562
2022-02-04,423.278076,119.532898,168.860001,41500.875000
2022-02-07,421.919678,119.610306,170.110001,43840.285156
2022-02-08,425.391144,118.810570,170.630005,44118.445312
2022-02-09,431.617126,119.034164,171.210007,44338.796875
2022-02-10,423.862915,117.142441,170.559998,43565.113281
2022-02-11,415.504913,118.879417,173.809998,42407.937500
2022-02-14,414.146484,117.400398,174.740005,42586.917969
2022-02-15,420.825409,116.067558,173.080002,44575.203125
2022-02-16,421.297028,116.755440,174.860001,43961.859375
2022-02-17,412.297607,117.623940,177.250000,40538.011719
2022-02-18,409.627899,118.862198,177.119995,40030.976562
2022-02-22,405.231842,119.171761,177.490005,38286.027344
2022-02-23,398.043640,117.529427,178.289993,37296.570312
2022-02-24,404.033813,117.606773,177.139999,38332.609375
2022-02-25,412.948456,117.692719,176.550003,39214.218750
2022-02-28,411.891907,120.272430,178.380005,43193.234375
2022-03-01,405.618683,121.662994,181.619995,44354.636719
2022-03-02,413.080475,117.504143,179.729996,43924.117188
2022-03-03,411.024048,118.701035,180.800003,42451.789062
2022-03-04,407.684601,120.750252,183.679993,39137.605469
2022-03-07,395.666412,119.828979,186.410004,38062.039062
2022-03-08,392.666656,118.623528,191.509995,38737.269531
2022-03-09,403.194275,117.461121,185.820007,41982.925781
2022-03-10,401.373596,115.773552,186.399994,39437.460938
2022-03-11,396.270142,116.161049,185.089996,38794.972656
2022-03-14,393.374084,113.448761,182.300003,39666.753906
2022-03-15,402.024597,113.250786,178.889999,39338.785156
2022-03-16,410.939117,114.361450,180.009995,41143.929688
2022-03-17,416.080383,113.509048,180.889999,40951.378906
2022-03-18,420.637573,114.895279,179.300003,41801.156250
2022-03-21,420.514618,112.234726,180.669998,41077.996094
2022-03-22,425.435150,110.796791,179.360001,42358.808594
2022-03-23,419.956299,113.224899,181.809998,42892.957031
2022-03-24,426.286804,112.338028,183.130005,43960.933594
2022-03-25,428.368622,110.779610,182.380005,44348.730469
2022-03-28,431.415619,111.726730,179.059998,47128.003906
2022-03-29,436.752594,112.570557,179.139999,47465.730469
2022-03-30,434.055817,113.448761,180.580002,47062.664062
2022-03-31,427.375031,113.724281,180.649994,45538.675781
2022-04-01,428.586334,114.157204,179.500000,46281.644531
2022-04-04,432.257843,113.363861,180.369995,46622.675781
2022-04-05,426.797821,110.802681,179.240005,45555.992188
2022-04-06,422.530151,109.905846,179.660004,43206.738281
2022-04-07,424.659271,109.078003,180.339996,43503.847656
2022-04-08,423.523682,107.896584,181.470001,42287.664062
2022-04-11,416.284760,106.189133,182.369995,39521.902344
2022-04-12,414.742340,106.042564,183.770004,40127.183594
2022-04-13,419.492615,106.258095,184.649994,41166.730469
2022-04-14,414.269165,104.128136,184.039993,39935.515625
2022-04-18,414.439514,103.610733,184.610001,40826.214844
2022-04-19,421.129730,102.834610,181.820007,41502.750000
2022-04-20,420.817322,104.904251,182.710007,41374.378906
2022-04-21,414.524719,104.128136,182.059998,40527.363281
2022-04-22,403.150421,103.472733,180.289993,39740.320312
2022-04-25,405.487793,104.507584,177.050003,40458.308594
2022-04-26,393.744507,105.559616,177.320007,38117.460938
2022-04-27,394.851593,104.205780,175.979996,39241.121094
2022-04-28,404.825317,104.360962,176.929993,39773.828125
2022-04-29,389.864746,103.007057,176.910004,38609.824219
2022-05-02,392.211548,101.221581,173.630005,38529.328125
2022-05-03,394.009460,101.904007,174.089996,37750.453125
2022-05-04,406.008179,102.465508,175.800003,39698.371094
2022-05-05,391.577484,99.658073,175.130005,36575.140625
2022-05-06,389.240173,98.189598,175.419998,36040.921875
2022-05-09,376.777832,99.053413,172.880005,30296.953125
2022-05-10,377.648376,99.951782,171.419998,31022.906250
2022-05-11,371.648956,101.878082,172.820007,28936.355469
2022-05-12,371.261078,101.688057,170.169998,29047.751953
2022-05-13,380.137115,100.185013,168.789993,29283.103516
2022-05-16,378.594666,100.081352,170.399994,29862.917969
2022-05-17,386.382507,98.872002,169.330002,30425.857422
2022-05-18,370.806793,100.979721,169.419998,28720.271484
2022-05-19,368.535706,101.221581,171.910004,30314.333984
2022-05-20,368.696655,102.370461,172.029999,29200.740234
2022-05-23,375.595032,100.686020,172.830002,29098.910156
2022-05-24,372.727814,102.672798,174.130005,29655.585938
2022-05-25,376.020752,103.078804,173.080002,29562.361328
2022-05-26,383.534180,102.612343,172.759995,29267.224609
2022-05-27,392.949646,102.862831,172.850006,28627.574219
2022-05-31,390.744812,100.686020,171.139999,31792.310547
2022-06-01,387.584259,100.570938,172.229996,29799.080078
2022-06-02,394.965179,100.622849,174.350006,30467.488281
2022-06-03,388.483246,100.406487,172.580002,29704.390625
2022-06-06,389.666046,98.554634,171.820007,31370.671875
2022-06-07,393.403870,99.619064,172.940002,31155.478516
2022-06-08,389.126709,98.736374,172.779999,30214.355469
2022-06-09,379.872131,99.065224,172.229996,30111.998047
2022-06-10,368.857513,98.450821,174.539993,29083.804688
2022-06-13,354.852661,95.361542,169.929993,22487.388672
2022-06-14,353.783386,94.158691,168.570007,22206.792969
2022-06-15,358.827026,95.915344,170.770004,22572.839844
2022-06-16,346.951263,96.676880,172.690002,20381.650391
2022-06-17,347.699127,96.988388,171.270004,20471.482422
2022-06-21,356.451996,95.344223,170.630005,20710.597656
2022-06-22,355.805847,97.966225,171.309998,19987.029297
2022-06-23,359.293610,98.770988,170.259995,21085.876953
2022-06-24,370.716888,97.403709,170.089996,21231.656250
2022-06-27,369.300964,96.573006,169.899994,20735.478516
2022-06-28,361.755005,97.023033,169.619995,20280.634766
2022-06-29,361.460480,98.537338,169.490005,20104.023438
2022-06-30,358.523865,99.402695,168.460007,19784.726562
2022-07-01,362.315704,100.423248,168.320007,19269.367188
2022-07-05,362.999969,101.212273,164.750000,20190.115234
2022-07-06,364.225922,99.512825,162.139999,20548.246094
2022-07-07,369.681030,98.637115,162.229996,21637.587891
2022-07-08,369.376923,97.544571,162.300003,21731.117188
2022-07-11,365.157349,99.226707,161.429993,19970.556641
2022-07-12,361.926086,99.816307,160.830002,19323.914062
2022-07-13,360.025269,100.960823,161.600006,20212.074219
2022-07-14,359.151093,100.137115,159.330002,20569.919922
2022-07-15,366.012695,100.700722,159.009995,20836.328125
2022-07-18,362.990570,99.651558,159.160004,22485.689453
2022-07-19,372.798279,99.113983,159.539993,23389.433594
2022-07-20,375.174103,99.374123,158.039993,23231.732422
2022-07-21,378.994568,101.090874,160.270004,23164.628906
2022-07-22,375.478271,102.790291,160.669998,22714.978516
2022-07-25,375.934479,101.784531,160.229996,21361.701172
2022-07-26,371.486786,101.862541,160.039993,21239.753906
2022-07-27,381.132904,101.290314,161.669998,22930.548828
2022-07-28,385.913208,102.096664,163.639999,23843.886719
2022-07-29,391.539398,101.819199,164.100006,23804.632812
2022-08-01,390.379913,104.271385,165.029999,23314.199219
2022-08-02,387.804413,102.065025,164.050003,22978.117188
2022-08-03,393.877289,103.671989,164.449997,22846.507812
2022-08-04,393.611206,103.637253,167.169998,22630.957031
2022-08-05,392.945923,101.170334,165.289993,23289.314453
2022-08-08,392.489777,102.803391,166.690002,23809.486328
2022-08-09,390.931152,102.403786,167.199997,23164.318359
2022-08-10,399.142212,101.734932,166.779999,23947.642578
2022-08-11,399.142212,99.363541,166.339996,23957.529297
2022-08-12,405.899323,100.371201,167.869995,24402.818359
2022-08-15,407.571960,100.284332,165.710007,24136.972656
2022-08-16,408.370270,100.701271,165.419998,23883.291016
2022-08-17,405.471619,99.650200,164.350006,23335.998047
2022-08-18,406.650116,99.797905,163.919998,23212.738281
2022-08-19,401.185577,98.190910,162.720001,20877.552734
2022-08-22,392.831848,97.860840,161.639999,21398.908203
2022-08-23,391.881561,97.322289,162.770004,21528.087891
2022-08-24,393.135986,96.610001,163.250000,21395.019531
2022-08-25,398.686096,97.956375,163.750000,21600.904297
2022-08-26,385.190948,98.694725,161.759995,20260.019531
2022-08-29,382.644012,97.878174,161.860001,20297.994141
2022-08-30,378.443359,98.121399,160.509995,19796.808594
2022-08-31,375.563782,97.183273,159.270004,20049.763672
2022-09-01,376.742279,95.404045,157.869995,20127.140625
2022-09-02,372.769714,95.943726,159.259995,19969.771484
2022-09-06,371.363220,93.567322,158.330002,18837.667969
2022-09-07,378.034760,95.047150,159.940002,19290.324219
2022-09-08,380.505707,94.072189,158.979996,19329.833984
2022-09-09,386.416901,94.281120,159.820007,21381.152344
2022-09-12,390.569977,93.506401,160.630005,22370.449219
2022-09-13,373.587036,93.724014,158.539993,20296.707031
2022-09-14,375.012665,94.046112,157.929993,20241.089844
2022-09-15,370.755005,93.985153,154.979996,19701.210938
2022-09-16,367.926514,93.201759,155.839996,19772.583984
2022-09-19,370.779785,93.419334,155.960007,19544.128906
2022-09-20,366.523743,92.487930,155.070007,18890.789062
2022-09-21,360.130188,94.037369,155.789993,18547.400391
2022-09-22,357.105225,91.634895,155.699997,19413.550781
2022-09-23,351.121948,92.009171,153.009995,19297.638672
2022-09-26,347.648346,90.250839,151.229996,19222.671875
2022-09-27,346.760925,87.874435,151.539993,19110.546875
2022-09-28,353.583893,90.816635,154.690002,19426.720703
2022-09-29,346.197876,90.346573,154.660004,19573.050781
2022-09-30,340.844482,89.180130,154.669998,19431.789062
2022-10-03,349.843201,90.597153,158.429993,19623.580078
2022-10-04,360.683563,90.344093,160.699997,20336.843750
2022-10-05,359.843872,89.480286,159.809998,20160.716797
2022-10-06,356.131836,88.982956,159.630005,19955.443359
2022-10-07,346.197876,88.119087,157.880005,19546.849609
2022-10-10,343.554626,86.749214,155.479996,19141.484375
2022-10-11,341.378845,87.133133,155.160004,19051.417969
2022-10-12,340.252808,87.560684,155.990005,19157.445312
2022-10-13,349.232452,86.723053,154.910004,19382.904297
2022-10-14,341.273926,86.007545,152.979996,19185.656250
2022-10-17,350.043579,85.588715,153.419998,19550.757812
2022-10-18,354.156433,85.789421,153.750000,19334.416016
2022-10-19,351.646729,84.227516,151.690002,19139.535156
2022-10-20,348.698059,82.787827,151.449997,19053.740234
2022-10-21,357.171967,81.295723,154.149994,19172.468750
2022-10-24,361.542511,80.623894,153.649994,19345.572266
2022-10-25,367.315857,82.971039,154.000000,20095.857422
2022-10-26,364.548370,84.166458,154.979996,20770.441406
2022-10-27,362.601685,85.047745,154.740005,20285.835938
2022-10-28,371.228333,84.463127,153.160004,20595.351562
2022-10-31,368.546753,83.861069,151.910004,20495.773438
2022-11-01,366.934021,84.644798,153.460007,20485.273438
2022-11-02,357.725403,84.277428,152.389999,20159.503906
2022-11-03,354.041962,83.822594,151.809998,20209.988281
2022-11-04,359.137726,82.414299,156.470001,21147.230469
2022-11-07,362.573059,81.592094,155.850006,20602.816406
2022-11-08,364.529327,82.484261,159.449997,18541.271484
2022-11-09,357.019287,82.755447,158.649994,15880.780273
2022-11-10,376.638977,85.939346,163.479996,17586.771484
2022-11-11,380.284241,85.624458,164.559998,17034.292969
2022-11-14,377.049316,85.414536,164.919998,16618.199219
2022-11-15,380.265137,86.796555,165.500000,16884.613281
2022-11-16,377.364227,88.694672,165.119995,16669.439453
2022-11-17,376.209503,87.758736,163.919998,16687.517578
2022-11-18,377.917694,87.155174,162.789993,16697.777344
2022-11-21,376.543579,87.522530,161.880005,15787.284180
2022-11-22,381.610657,88.764648,162.070007,16189.769531
2022-11-23,384.015442,90.312851,163.080002,16610.707031
2022-11-25,383.929596,90.006737,163.220001,16521.841797
2022-11-28,377.803162,90.260368,161.929993,16217.322266
2022-11-29,377.154236,89.201988,162.729996,16444.982422
2022-11-30,389.034882,89.857986,164.809998,17168.566406
2022-12-01,388.748596,92.728615,167.839996,16967.132812
2022-12-02,388.300018,93.894707,167.259995,17088.660156
2022-12-05,381.314880,92.579529,164.389999,16974.826172
2022-12-06,375.818237,93.771942,164.839996,17089.503906
2022-12-07,375.178955,95.981461,166.330002,16848.126953
2022-12-08,378.118073,95.718445,166.470001,17233.474609
2022-12-09,375.293488,93.228355,167.059998,17133.152344
2022-12-12,380.704163,93.526474,165.679993,17206.437500
2022-12-13,383.585999,94.429558,168.509995,17781.318359
2022-12-14,381.133606,94.832886,168.100006,17815.650391
2022-12-15,371.810394,95.202904,165.350006,17364.865234
2022-12-16,367.420746,94.139420,166.789993,16647.484375
2022-12-19,364.305084,92.557381,166.320007,16439.679688
2022-12-20,364.803589,90.913834,169.080002,16906.304688
2022-12-21,370.258331,91.142365,168.800003,16817.535156
2022-12-22,364.976196,91.124817,166.759995,16830.341797
2022-12-23,367.075623,89.788864,167.259995,16796.953125
2022-12-27,365.628082,88.013458,168.669998,16717.173828
2022-12-28,361.084045,87.494911,167.910004,16552.572266
2022-12-29,367.583710,88.488060,168.850006,16642.341797
2022-12-30,366.615448,87.503693,169.639999,16602.585938
2023-01-03,365.072052,89.173630,171.059998,16679.857422
2023-01-04,367.890503,90.395309,172.669998,16863.238281
2023-01-05,363.691589,90.773224,170.520004,16836.736328
2023-01-06,372.031891,92.443130,173.710007,16951.968750
2023-01-09,371.820923,92.935326,174.100006,17196.554688
2023-01-10,374.428436,91.397224,174.740005,17446.292969
2023-01-11,379.164215,92.882584,174.619995,17934.896484
2023-01-12,380.544647,94.710686,176.639999,18869.587891
2023-01-13,382.020935,93.823013,178.759995,19909.574219
2023-01-17,381.321106,93.216599,177.589996,21161.519531
2023-01-18,375.300812,95.475342,177.080002,20688.781250
2023-01-19,372.568695,94.877670,179.889999,21086.792969
2023-01-20,379.509338,93.339615,179.289993,22676.552734
2023-01-23,384.062866,92.900169,179.630005,22934.431641
2023-01-24,383.650635,94.236092,180.279999,22636.468750
2023-01-25,383.794464,94.464630,181.110001,23117.859375
2023-01-26,388.012451,94.025162,179.470001,23032.777344
2023-01-27,388.903992,93.787880,179.220001,23078.728516
2023-01-30,384.024506,93.445099,178.759995,22840.138672
2023-01-31,389.670959,94.192139,179.410004,23139.283203
2023-02-01,393.812256,95.324432,181.669998,23723.769531
2023-02-02,399.545044,95.447830,177.899994,23471.871094
2023-02-03,395.298279,94.020348,173.460007,23449.322266
2023-02-06,392.882416,93.324196,173.820007,22760.109375
2023-02-07,398.020782,92.575211,173.979996,23264.291016
2023-02-08,393.668488,93.015785,174.410004,22939.398438
2023-02-09,390.255676,92.134644,173.029999,21819.039062
2023-02-10,391.166443,91.103661,173.360001,21651.183594
2023-02-13,395.758392,91.870293,172.479996,21808.101562
2023-02-14,395.576202,91.658821,172.610001,22220.804688
2023-02-15,396.860779,90.804054,170.889999,24307.841797
2023-02-16,391.396515,89.517578,170.750000,23623.474609
2023-02-17,390.418701,90.213715,171.259995,24565.601562
2023-02-21,382.586548,88.460175,170.619995,24436.353516
2023-02-22,382.059235,89.270844,169.660004,24188.843750
2023-02-23,384.091553,90.143219,169.570007,23947.492188
2023-02-24,379.988617,88.971252,168.350006,23198.126953
2023-02-27,381.282806,89.217964,169.009995,23522.871094
2023-02-28,379.873566,89.623306,169.779999,23147.353516
2023-03-01,378.416351,88.660492,170.759995,23646.550781
2023-03-02,381.359436,87.874329,170.660004,23475.466797
2023-03-03,387.475616,90.003174,172.490005,22362.679688
2023-03-06,387.744080,89.305328,171.619995,22429.757812
2023-03-07,381.800446,89.852989,168.619995,22219.769531
2023-03-08,382.423615,89.941315,168.539993,21718.080078
2023-03-09,375.367950,90.162155,170.199997,20363.021484
2023-03-10,369.951599,93.271477,173.869995,20187.244141
2023-03-13,369.424316,93.483490,177.860001,24197.533203
2023-03-14,375.530914,91.946487,176.830002,24746.074219
2023-03-15,373.182190,93.722000,178.210007,24375.960938
2023-03-16,379.729736,92.988815,178.570007,25052.789062
2023-03-17,375.289673,94.384476,183.770004,27423.929688
2023-03-20,378.898315,93.554161,183.839996,27767.236328
2023-03-21,383.873505,92.750313,180.369995,28175.816406
2023-03-22,377.329742,93.987015,183.440002,27307.437500
2023-03-23,378.349823,93.987015,185.740005,28333.972656
2023-03-24,380.832642,94.384476,183.649994,27493.285156
2023-03-27,381.544647,92.167305,181.949997,27139.888672
2023-03-28,380.688263,92.335144,183.440002,27268.130859
2023-03-29,386.221497,92.149643,182.529999,28348.441406
2023-03-30,388.482941,92.573639,184.179993,28033.562500
2023-03-31,393.958405,93.960518,183.220001,28478.484375
2023-04-03,395.459656,94.402405,184.539993,27790.220703
2023-04-04,393.265594,94.871750,187.979996,28168.089844
2023-04-05,392.235992,95.863609,187.830002,28177.984375
2023-04-06,393.765991,96.111572,186.490005,28044.140625
2023-04-10,394.170135,94.561806,185.110001,29652.980469
2023-04-11,394.275970,94.756653,186.279999,30235.058594
2023-04-12,392.668915,94.659241,187.190002,30139.052734
2023-04-13,397.884644,93.915344,189.720001,30399.066406
2023-04-14,396.912659,93.056343,186.360001,30485.699219
2023-04-17,398.336914,91.949356,185.529999,29445.044922
2023-04-18,398.596741,92.277016,186.250000,30397.552734
2023-04-19,398.529388,92.188454,185.360001,28822.679688
2023-04-20,396.354584,92.976646,186.089996,28245.988281
2023-04-21,396.662537,92.454117,184.250000,27276.910156
2023-04-24,397.076294,93.348557,184.809998,27525.339844
2023-04-25,390.773254,94.721191,185.750000,28307.597656
2023-04-26,389.117981,93.711655,184.740005,28422.701172
2023-04-27,396.864594,92.781792,184.750000,29473.787109
2023-04-28,400.251892,94.278397,184.800003,29340.261719
2023-05-01,399.847809,91.559944,183.970001,28091.568359
2023-05-02,395.353790,93.841629,187.520004,28680.537109
2023-05-03,392.640076,94.365425,189.110001,29006.308594
2023-05-04,389.859009,93.433235,190.440002,28847.710938
2023-05-05,397.076294,93.122520,187.460007,29534.384766
2023-05-08,397.182220,91.817398,187.690002,27694.273438
2023-05-09,395.440430,91.488907,189.020004,27658.775391
2023-05-10,397.287994,92.376724,188.750000,27621.755859
2023-05-11,396.595123,93.353333,187.130005,27000.789062
2023-05-12,396.075562,92.572029,186.809998,26804.990234
2023-05-15,397.442017,91.613213,187.210007,27192.693359
2023-05-16,394.785980,91.338005,184.869995,27036.650391
2023-05-17,399.578247,91.071648,184.229996,27398.802734
2023-05-18,403.427490,90.396904,181.839996,26832.208984
2023-05-19,402.840515,89.757698,183.639999,26890.128906
2023-05-22,403.004150,89.438080,183.210007,26851.277344
2023-05-23,398.481323,89.695557,183.429993,27225.726562
2023-05-24,395.594360,89.251633,181.949997,26334.818359
2023-05-25,399.020203,89.029671,180.199997,26476.207031
2023-05-26,404.187714,89.748795,180.919998,26719.291016
2023-05-30,404.341705,90.645531,182.039993,27702.349609
2023-05-31,402.099609,91.435654,182.320007,27219.658203
2023-06-01,405.919891,91.794411,183.759995,26819.972656
2023-06-02,411.789978,90.788490,181.050003,27249.589844
2023-06-05,411.000854,90.619354,182.139999,25760.097656
2023-06-06,411.895813,91.153465,182.339996,27238.783203
2023-06-07,410.471619,89.800415,180.149994,26345.998047
2023-06-08,412.954376,90.850792,182.529999,26508.216797
2023-06-09,413.695343,90.726166,182.039993,26480.375000
2023-06-12,417.448303,90.993240,181.880005,25902.500000
2023-06-13,420.200531,90.094147,180.539993,25918.728516
2023-06-14,420.700897,90.815186,180.639999,25124.675781
2023-06-15,425.916626,91.687546,181.910004,25576.394531
2023-06-16,424.465881,91.331490,181.630005,26327.462891
2023-06-20,422.263672,91.963509,179.750000,28327.488281
2023-06-21,420.100067,92.186073,179.490005,30027.296875
2023-06-22,421.616516,91.073349,177.710007,29912.281250
2023-06-23,418.429077,91.981354,178.199997,30695.468750
2023-06-26,416.719482,92.079262,178.509995,30271.130859
2023-06-27,421.288147,91.838898,177.690002,30688.164062
2023-06-28,421.500641,92.230583,177.279999,30086.246094
2023-06-29,423.161926,90.565964,177.089996,30445.351562
2023-06-30,428.155518,91.634178,178.270004,30477.251953
2023-07-03,428.648102,91.114685,178.470001,31156.439453
2023-07-05,428.010681,90.248856,177.839996,30514.166016
2023-07-06,424.659027,88.972481,177.309998,29909.337891
2023-07-07,423.586914,88.436943,178.639999,30342.265625
2023-07-10,424.659027,88.552956,178.779999,30414.470703
2023-07-11,427.363495,89.008194,179.449997,30620.951172
2023-07-12,430.802032,89.998985,181.880005,30391.646484
2023-07-13,434.221313,90.945091,182.009995,31476.048828
2023-07-14,433.950745,90.409546,181.429993,30334.068359
2023-07-17,435.457581,90.454155,181.559998,30145.888672
2023-07-18,438.693298,90.864754,183.639999,29856.562500
2023-07-19,439.668854,91.891228,183.669998,29913.923828
2023-07-20,436.751892,90.775497,182.740005,29792.015625
2023-07-21,436.751892,90.802269,182.179993,29908.744141
2023-07-24,438.702972,90.472038,181.399994,29176.916016
2023-07-25,439.900696,90.302399,182.410004,29227.390625
2023-07-26,439.968262,90.391693,183.300003,29354.972656
2023-07-27,437.051270,88.633286,180.419998,29210.689453
2023-07-28,441.330139,89.088516,181.860001,29319.246094
2023-07-31,442.170441,89.302734,182.350006,29230.111328
2023-08-01,440.905151,87.839340,180.460007,29675.732422
2023-08-02,434.771851,86.899536,179.600006,29151.958984
2023-08-03,433.525818,84.894661,179.539993,29178.679688
2023-08-04,431.565002,86.398331,180.190002,29074.091797
2023-08-07,435.332001,85.548035,179.779999,29180.578125
2023-08-08,433.438904,86.541534,178.639999,29765.492188
2023-08-09,430.541260,86.989052,177.789993,29561.494141
2023-08-10,430.695770,85.556992,177.600006,29429.591797
2023-08-11,430.444641,85.360062,177.600006,29397.714844
2023-08-14,432.820709,85.172112,177.059998,29408.443359
2023-08-15,427.778870,84.653015,176.589996,29170.347656
2023-08-16,424.639740,83.990685,175.570007,28701.779297
2023-08-17,421.404022,83.632645,175.300003,26664.550781
2023-08-18,421.606873,83.928009,175.330002,26049.556641
2023-08-21,424.349915,82.809227,175.809998,26124.140625
2023-08-22,423.200592,83.444702,176.100006,26031.656250
2023-08-23,427.914062,85.512253,177.889999,26431.640625
2023-08-24,421.983551,84.948372,177.850006,26162.373047
2023-08-25,424.958435,85.225822,177.619995,26047.667969
2023-08-28,427.653290,85.315353,178.130005,26106.150391
2023-08-29,433.834900,86.201408,179.869995,27727.392578
2023-08-30,435.621765,86.111923,180.320007,27297.265625
2023-08-31,434.984283,86.496796,180.020004,25931.472656
2023-09-01,435.795624,85.149284,180.110001,25800.724609
2023-09-05,433.912170,83.955299,178.639999,25779.982422
2023-09-06,430.995209,84.161804,177.830002,25753.236328
2023-09-07,429.671997,84.395210,178.020004,26240.195312
2023-09-08,430.319122,84.718376,178.080002,25905.654297
2023-09-11,433.149139,84.107941,178.410004,25162.654297
2023-09-12,430.773041,84.592720,177.490005,25833.343750
2023-09-13,431.275299,84.574760,177.080002,26228.324219
2023-09-14,434.993958,83.964287,177.169998,26539.673828
2023-09-15,429.752991,83.452583,178.339996,26608.693359
2023-09-18,430.005035,83.928383,179.389999,26754.281250
2023-09-19,429.113251,83.308945,179.220001,27211.117188
2023-09-20,425.168335,83.569305,179.350006,27132.007812
2023-09-21,418.140930,81.423737,178.050003,26567.632812
2023-09-22,417.200745,82.079079,178.619995,26579.568359
2023-09-25,418.955139,80.059196,177.699997,26298.480469
2023-09-26,412.800201,79.780891,176.279999,26217.250000
2023-09-27,412.964935,79.367958,174.100006,26352.716797
2023-09-28,415.359070,79.610336,173.229996,27021.546875
2023-09-29,414.351044,79.619308,171.449997,26911.720703
2023-10-02,414.186249,78.286469,169.649994,27530.785156
2023-10-03,408.641968,76.602402,169.160004,27429.978516
2023-10-04,411.617645,77.683090,169.139999,27799.394531
2023-10-05,411.462555,77.295853,168.830002,27415.912109
2023-10-06,416.347778,76.359238,169.699997,27946.597656
2023-10-09,419.013336,78.151390,172.820007,27583.677734
2023-10-10,421.194244,78.043320,172.529999,27391.019531
2023-10-11,422.919556,79.673347,173.789993,26873.320312
2023-10-12,420.341248,77.511978,173.259995,26756.798828
2023-10-13,418.247589,78.898865,178.830002,26862.375000
2023-10-16,422.648132,77.629051,177.960007,28519.466797
2023-10-17,422.628723,76.773514,178.289993,28415.748047
2023-10-18,416.997131,76.098106,180.869995,28328.341797
2023-10-19,413.333313,74.540100,183.089996,28719.806641
2023-10-20,408.254211,74.963348,183.589996,29682.949219
2023-10-23,407.546600,75.863945,182.970001,33086.234375
2023-10-24,410.619293,76.863564,182.949997,33901.527344
2023-10-25,404.726013,75.152481,183.720001,34502.820312
2023-10-26,399.879578,76.305206,184.009995,34156.648438
2023-10-27,398.066986,75.981018,186.149994,33909.800781
2023-10-30,402.826172,75.638802,185.100006,34502.363281
2023-10-31,405.356018,75.269539,184.089996,34667.781250
2023-11-01,409.679047,76.901573,183.509995,35437.253906
2023-11-02,417.530304,78.654663,184.119995,34938.242188
2023-11-03,421.339600,79.187836,184.789993,34732.324219
2023-11-06,422.308899,78.419701,183.350006,35037.371094
2023-11-07,423.510742,79.576416,182.589996,35443.562500
2023-11-08,423.821014,80.931908,180.770004,35655.277344
2023-11-09,420.515717,79.070335,181.490005,36693.125000
2023-11-10,427.077789,79.513153,179.509995,37313.968750
2023-11-13,426.670685,79.332428,180.509995,36502.355469
2023-11-14,434.948425,81.130714,182.119995,35537.640625
2023-11-15,435.869232,79.992088,181.639999,37880.582031
2023-11-16,436.402374,80.986137,183.690002,36154.769531
2023-11-17,436.945160,81.365639,183.669998,36596.683594
2023-11-20,440.308533,81.862663,183.369995,37476.957031
2023-11-21,439.348907,81.826538,185.350006,35813.812500
2023-11-22,441.045166,82.115715,184.559998,37432.339844
2023-11-24,441.316650,81.148788,185.520004,37720.281250
2023-11-27,440.521790,82.504250,186.770004,37254.167969
2023-11-28,440.957916,82.666924,189.259995,37831.085938
2023-11-29,440.647797,83.706146,189.539993,37858.492188
2023-11-30,442.382812,82.739204,188.750000,37712.746094
2023-12-01,444.999908,84.297539,192.009995,38688.750000
2023-12-04,442.663940,83.962128,187.860001,41980.097656
2023-12-05,442.576660,85.766083,187.149994,44080.648438
2023-12-06,440.793121,86.908302,187.839996,43746.445312
2023-12-07,444.156616,86.409737,188.149994,43292.664062
2023-12-08,446.066132,85.702644,185.639999,44166.601562
2023-12-11,447.801147,85.521324,183.589996,41243.832031
2023-12-12,449.846344,85.775169,183.490005,41450.222656
2023-12-13,456.049774,87.787643,187.630005,42890.742188
2023-12-14,457.513397,90.071274,188.729996,43023.972656
2023-12-15,456.760132,90.171303,187.000000,41929.757812
2023-12-18,459.329468,89.452866,187.850006,42623.539062
2023-12-19,462.122528,89.934830,189.130005,42270.527344
2023-12-20,455.718811,90.544174,188.100006,43652.250000
2023-12-21,460.039856,89.971222,189.429993,43869.152344
2023-12-22,460.964417,89.561966,190.270004,43997.902344
2023-12-26,462.910828,89.816620,191.720001,42520.402344
2023-12-27,463.747803,91.408142,192.589996,43442.855469
2023-12-28,463.923004,90.744240,191.470001,42627.855469
2023-12-29,462.579926,89.925728,191.169998,42099.402344
2024-01-02,459.991211,89.407372,190.720001,44957.968750
2024-01-03,456.234589,89.780251,189.130005,42848.175781
2024-01-04,454.765045,88.416054,189.320007,44179.921875
2024-01-05,455.387878,87.570290,189.350006,44162.691406
2024-01-08,461.888977,88.434258,187.869995,46970.503906
2024-01-09,461.188263,87.870407,187.929993,46139.730469
2024-01-10,463.796539,87.461174,187.500000,46627.777344
2024-01-11,463.592163,87.952278,187.869995,46368.585938
2024-01-12,463.913269,87.779434,189.710007,42853.167969
2024-01-16,462.210114,86.233406,187.910004,43154.945312
2024-01-17,459.640869,86.096985,185.839996,42742.652344
2024-01-18,463.728333,85.296692,187.369995,41262.058594
2024-01-19,469.509277,85.569519,187.929993,41618.406250
2024-01-22,470.501923,86.078796,187.220001,39507.367188
2024-01-23,471.874176,85.396713,187.949997,39845.550781
2024-01-24,472.390015,84.896523,186.399994,40077.074219
2024-01-25,474.959320,85.451263,187.139999,39933.808594
2024-01-26,474.355957,85.287598,187.009995,41816.871094
2024-01-29,478.112488,86.269768,188.330002,43288.246094
2024-01-30,477.742706,87.051895,188.589996,42952.609375
2024-01-31,469.947235,87.906784,188.449997,42582.605469
2024-02-01,476.097992,89.631142,190.410004,43075.773438
2024-02-02,481.110016,87.651329,188.610001,43185.859375
2024-02-05,479.358185,85.881325,187.570007,42658.667969
2024-02-06,480.750000,86.720711,188.550003,43084.671875
2024-02-07,484.759613,86.301025,188.500000,44318.222656
2024-02-08,484.973694,85.799225,188.330002,45301.566406
2024-02-09,487.776550,85.625862,187.600006,47147.199219
2024-02-12,487.562469,85.726196,187.110001,49958.222656
2024-02-13,480.847229,84.257301,184.529999,49742.441406
2024-02-14,485.217010,84.686127,184.419998,51826.695312
2024-02-15,488.564911,85.124069,185.660004,51938.554688
2024-02-16,486.131866,84.631371,186.339996,52160.203125
2024-02-20,483.455444,84.704376,187.470001,52284.875000
2024-02-21,483.893433,84.102203,187.479996,51839.179688
2024-02-22,493.907837,84.512772,187.559998,51304.972656
2024-02-23,494.248444,85.644119,188.619995,50731.949219
2024-02-26,492.438293,85.388649,188.199997,54522.402344
2024-02-27,493.353058,84.786507,188.000000,57085.371094
2024-02-28,492.701080,85.324791,188.339996,62504.789062
2024-02-29,494.472321,85.926949,189.309998,61198.382812
2024-03-01,499.114502,86.462379,192.889999,62440.632812
2024-03-04,498.579254,86.114555,196.009995,68330.414062
2024-03-05,493.596344,87.340996,197.190002,63801.199219
2024-03-06,496.097565,87.853508,198.809998,66106.804688
2024-03-07,501.022064,87.771149,199.940002,66925.484375
2024-03-08,498.014832,87.615562,201.630005,68300.093750
2024-03-11,497.586548,87.569801,202.000000,72123.906250
2024-03-12,502.939362,86.837593,199.789993,71481.289062
2024-03-13,502.150940,86.416580,201.190002,73083.500000
2024-03-14,501.158295,85.089508,200.350006,71396.593750
2024-03-15,497.717072,85.062050,199.710007,69403.773438
2024-03-18,500.675049,84.805771,200.029999,67548.593750
2024-03-19,503.457397,85.043716,199.800003,61912.773438
2024-03-20,508.114105,85.016296,202.179993,67913.671875
2024-03-21,509.793213,85.199333,201.970001,65491.390625
2024-03-22,508.826782,86.013885,200.350006,63778.761719
2024-03-25,507.420929,85.583748,200.990005,69958.812500
2024-03-26,506.483734,85.821709,201.639999,69987.835938
2024-03-27,510.740143,86.672897,203.100006,69455.343750
2024-03-28,510.642517,86.599632,205.720001,70744.953125
2024-04-01,509.754150,84.985344,207.820007,69702.148438
2024-04-02,506.513031,84.517029,210.889999,65446.972656
2024-04-03,507.069458,84.498650,212.740005,65980.812500
2024-04-04,500.880127,85.104721,211.520004,68508.843750
2024-04-05,506.112762,83.920135,215.139999,67837.640625
2024-04-08,506.395874,83.910965,216.479996,71631.359375
2024-04-09,506.981598,84.691490,217.669998,69139.015625
2024-04-10,501.905121,82.845787,215.610001,70587.882812
2024-04-11,505.692902,82.469292,219.800003,70060.609375
2024-04-12,498.712860,82.910072,216.889999,67195.867188
2024-04-15,492.464905,81.624496,220.949997,63426.210938
2024-04-16,491.566803,81.082710,221.220001,63811.863281
2024-04-17,488.657562,81.982613,219.589996,61276.691406
2024-04-18,487.652039,81.569389,220.339996,63512.753906
2024-04-19,483.395660,81.863235,221.029999,63843.570312
2024-04-22,487.847260,81.725502,215.570007,66837.679688
2024-04-23,493.636414,81.753044,215.039993,66407.273438
2024-04-24,493.402100,81.174561,214.639999,64276.898438
2024-04-25,491.527649,80.605194,215.919998,64481.707031
2024-04-26,496.184418,81.027611,216.619995,63755.320312
2024-04-29,497.941620,81.707138,216.179993,63841.121094
2024-04-30,490.053558,81.009254,211.869995,60636.855469
2024-05-01,488.462311,81.606354,213.789993,58254.011719
2024-05-02,493.031097,81.956558,213.130005,59123.433594
2024-05-03,499.142365,82.785866,212.960007,62889.835938
2024-05-06,504.296967,83.108406,215.199997,63161.949219
2024-05-07,504.853455,83.615196,214.210007,62334.816406
2024-05-08,504.902191,83.108406,213.580002,61187.941406
2024-05-09,507.811401,83.513832,216.949997,63049.960938
2024-05-10,508.465546,83.043884,218.710007,60792.777344
2024-05-13,508.533722,83.255821,216.259995,62901.449219
2024-05-14,510.867065,83.725777,218.089996,61552.789062
2024-05-15,517.193115,84.868423,220.889999,66267.492188
2024-05-16,516.128967,84.785477,220.029999,65231.582031
2024-05-17,516.870850,84.214165,223.660004,67051.875000
2024-05-20,517.466492,83.965363,224.559998,71448.195312
2024-05-21,518.735474,84.398445,224.229996,70136.531250
2024-05-22,517.241943,84.499817,220.110001,69122.335938
2024-05-23,513.463867,83.956161,215.720001,67929.562500
2024-05-24,516.861206,84.204933,215.919998,68526.101562
2024-05-28,517.222412,82.997803,218.190002,68296.218750
2024-05-29,513.600464,81.993401,216.160004,67578.093750
2024-05-30,510.193512,82.785866,216.570007,68364.992188
2024-05-31,514.840332,83.347977,215.300003,67491.414062
2024-06-03,515.260132,84.696075,217.220001,68804.781250
2024-06-04,515.836121,85.685440,215.270004,70567.765625
2024-06-05,521.966858,86.314201,217.820007,71082.820312
2024-06-06,521.957153,86.184738,219.429993,70757.164062
2024-06-07,521.322632,84.603638,211.600006,69342.585938
2024-06-10,522.933350,84.039589,213.539993,69512.281250
2024-06-11,524.192749,84.908760,214.149994,67332.031250
2024-06-12,528.497864,85.546730,214.720001,68241.187500
2024-06-13,529.562134,86.804245,212.970001,66756.398438
2024-06-14,529.884277,87.534691,215.729996,66011.093750
2024-06-17,534.101562,86.665550,214.610001,66490.296875
2024-06-18,535.458557,87.460709,215.470001,65140.746094
2024-06-20,534.003967,86.878212,218.160004,64828.656250
2024-06-21,533.287964,86.878212,214.779999,64096.199219
2024-06-24,531.554443,87.229568,215.630005,60277.414062
2024-06-25,533.601501,87.377510,214.559998,61804.640625
2024-06-26,534.267395,86.129265,212.580002,60811.277344
2024-06-27,535.109619,86.471375,214.990005,61604.800781
2024-06-28,533.003967,84.862526,215.009995,60320.136719
2024-07-01,534.100891,83.397888,215.570007,62851.980469
2024-07-02,537.695374,84.047180,215.559998,62029.015625
2024-07-03,540.094788,85.150993,217.990005,60173.921875
2024-07-05,543.209290,85.855934,220.929993,56662.375000
2024-07-08,543.836060,86.041466,218.190002,56705.097656
2024-07-09,544.364990,85.661148,218.559998,58009.226562
2024-07-10,549.751587,85.930161,219.360001,57742.496094
2024-07-11,545.011292,86.764938,223.250000,57344.914062
2024-07-12,548.449036,87.136002,223.110001,57899.464844
2024-07-15,549.957336,86.134216,223.830002,64870.152344
2024-07-16,553.218628,87.349312,228.289993,65097.148438
2024-07-17,545.461853,87.367882,227.229996,64118.792969
2024-07-18,541.270081,86.700035,225.779999,63974.066406
2024-07-19,537.675720,86.189857,221.729996,66710.156250
2024-07-22,543.219116,85.939430,221.800003,67585.250000
2024-07-23,542.367065,85.818840,222.580002,65927.671875
2024-07-24,530.075623,84.891266,221.800003,65372.132812
2024-07-25,527.313782,85.586952,218.330002,65777.226562
2024-07-26,533.219360,86.254814,220.630005,67912.062500
2024-07-29,533.532898,86.718567,220.320007,66819.914062
2024-07-30,530.829651,87.052513,222.520004,66201.015625
2024-07-31,539.458130,87.942986,226.550003,64619.250000
2024-08-01,531.819031,88.701469,225.770004,65357.500000
2024-08-02,521.917297,91.465530,225.339996,61415.066406
2024-08-05,506.717163,91.949463,222.479996,53991.457031
2024-08-06,511.388885,89.892700,220.699997,56034.316406
2024-08-07,507.970764,89.259865,220.550003,55027.460938
2024-08-08,519.713684,88.710770,224.009995,61710.136719
2024-08-09,522.005432,89.585602,224.559998,60880.113281
2024-08-12,522.279663,89.911316,228.410004,59354.515625
2024-08-13,530.868896,90.534882,228.059998,60609.566406
2024-08-14,532.543640,91.102570,226.199997,58737.269531
2024-08-15,541.671631,90.367371,226.910004,57560.097656
2024-08-16,542.886047,90.683784,231.990005,58894.105469
2024-08-19,548.076721,91.102570,231.610001,59493.453125
2024-08-20,547.185608,91.828491,232.460007,59012.792969
2024-08-21,549.065979,91.884338,232.149994,61175.191406
2024-08-22,544.756653,90.972298,229.369995,60381.914062
2024-08-23,550.544922,91.567902,232.020004,64094.355469
2024-08-26,549.232544,91.335228,232.759995,62880.660156
2024-08-27,549.986572,91.177017,233.389999,59504.132812
2024-08-28,546.793762,91.065361,231.750000,59027.625000
2024-08-29,546.842834,90.767532,232.949997,59388.179688
2024-08-30,552.062927,89.799652,231.289993,59119.476562
2024-09-03,540.702087,91.268341,230.289993,57431.023438
2024-09-04,539.595337,92.444817,230.429993,57971.539062
2024-09-05,538.282959,92.967674,232.350006,56160.488281
2024-09-06,529.223450,92.958336,230.630005,53948.753906
2024-09-09,535.148865,93.359802,231.600006,57019.535156
2024-09-10,537.479858,94.013397,232.619995,57648.710938
2024-09-11,542.993835,93.938713,232.250000,57343.171875
2024-09-12,547.567627,93.499878,236.330002,58127.011719
2024-09-13,550.427307,93.751976,238.679993,60571.300781
2024-09-16,551.240234,94.610970,238.660004,58192.507812
2024-09-17,551.465454,94.153442,237.339996,60308.539062
2024-09-18,549.830017,92.986336,235.509995,61649.679688
2024-09-19,559.212463,92.678230,239.169998,62940.457031
2024-09-20,558.245850,92.323410,242.210007,63192.976562
2024-09-23,559.640808,92.127335,242.679993,63329.800781
2024-09-24,561.242065,92.108681,246.070007,64301.968750
2024-09-25,560.004272,91.343056,245.729996,63143.144531
2024-09-26,562.224487,91.557785,246.979996,65181.019531
2024-09-27,561.409058,92.033958,245.020004,65790.664062
2024-09-30,563.658813,91.595146,243.059998,63329.500000
2024-10-01,558.609253,92.256447,245.610001,60837.007812
2024-10-02,558.845093,91.478989,245.660004,60632.785156
2024-10-03,557.823425,90.617203,245.490005,60759.402344
2024-10-04,562.892578,89.502533,245.000000,62067.476562
2024-10-07,557.803833,88.828094,244.169998,62236.660156
2024-10-08,563.079224,88.977982,242.369995,62131.968750
2024-10-09,566.979370,88.472153,241.050003,60582.101562
2024-10-10,565.987061,88.125565,242.820007,60274.500000
2024-10-11,569.376343,87.769615,245.470001,62445.089844
2024-10-14,574.032959,87.835205,245.070007,66046.125000
2024-10-15,569.572876,88.903046,245.919998,67041.109375
2024-10-16,572.048523,89.277725,247.149994,67612.718750
2024-10-17,572.097595,87.863289,248.630005,67399.835938
2024-10-18,574.298157,87.928864,251.270004,68418.789062
2024-10-21,573.355042,86.392654,251.220001,67367.851562
2024-10-22,573.050476,86.476952,253.929993,67361.406250
2024-10-23,567.814331,86.242775,250.869995,66432.195312
2024-10-24,569.042358,86.795441,252.800003,68161.054688
2024-10-25,568.845886,86.308357,253.320007,66642.414062
2024-10-28,570.604431,86.074181,253.330002,69907.757812
2024-10-29,571.527832,86.205307,256.089996,72720.492188
2024-10-30,569.798767,86.458244,257.500000,72339.539062
2024-10-31,558.628967,86.598732,253.509995,70215.187500
2024-11-01,560.986633,85.377831,252.470001,69482.468750
2024-11-04,559.778259,86.703064,252.830002,67811.507812
2024-11-05,566.547119,87.163612,253.399994,69359.562500
2024-11-06,580.634583,84.776329,245.699997,75639.078125
2024-11-07,585.124084,85.838379,249.649994,75904.859375
2024-11-08,587.658691,86.928642,247.960007,76545.476562
2024-11-11,588.218750,86.505692,242.139999,88701.484375
2024-11-12,586.391479,85.208656,240.050003,87955.812500
2024-11-13,586.676392,84.400391,237.630005,90584.164062
2024-11-14,582.903931,84.889122,237.009995,87250.429688
2024-11-15,575.437683,84.663544,236.589996,91066.007812
2024-11-18,577.795532,84.813919,241.089996,90542.640625
2024-11-19,579.907654,85.246269,243.250000,92343.789062
2024-11-20,580.104065,84.973686,244.619995,94339.492188
2024-11-21,583.218262,84.907913,246.660004,98504.726562
2024-11-22,585.025940,84.954895,249.839996,98997.664062
2024-11-25,587.010376,87.154198,242.479996,93102.296875
2024-11-26,590.075439,86.815842,242.949997,91985.320312
2024-11-27,588.287354,87.417358,243.490005,95962.531250
2024-11-29,591.941895,88.319633,245.589996,97461.523438
2024-12-02,593.002991,88.531860,243.440002,95865.304688
2024-12-03,593.277954,87.767914,243.929993,96002.164062
2024-12-04,596.961975,88.711021,244.669998,98768.531250
2024-12-05,595.979553,88.890228,242.860001,96593.570312
2024-12-06,597.109436,89.022263,242.949997,99920.710938
2024-12-09,594.034424,88.201736,245.360001,97432.718750
2024-12-10,592.187561,87.786781,248.589996,96675.429688
2024-12-11,596.765564,86.956802,250.960007,101173.031250
2024-12-12,593.690674,85.900513,247.279999,100043.000000
2024-12-13,593.572754,85.023407,244.289993,101459.257812
2024-12-16,596.107300,85.278038,244.880005,106029.718750
2024-12-17,593.651367,85.485512,243.940002,106140.601562
2024-12-18,575.958374,84.416588,239.259995,100041.539062
2024-12-19,575.781555,83.138405,239.600006,97490.953125
2024-12-20,582.697266,83.611801,242.100006,97755.929688
2024-12-23,586.186584,82.844902,240.960007,94686.242188
2024-12-24,592.702148,83.195213,241.440002,98676.093750
2024-12-26,592.741577,83.147881,243.070007,95795.515625
2024-12-27,586.502075,82.466179,241.399994,94164.859375
2024-12-30,579.809082,83.128952,240.630005,92643.210938
2024-12-31,577.699768,82.683937,242.130005,93429.203125
2025-01-02,576.280396,82.911179,245.419998,96886.875000
2025-01-03,583.485840,82.646080,243.490005,98107.429688
2025-01-06,586.846985,82.276810,243.190002,102078.085938
2025-01-07,580.213318,81.348953,244.559998,96922.703125
2025-01-08,581.060974,81.453110,245.860001,95043.523438
2025-01-10,572.189697,80.913437,248.210007,94701.453125
2025-01-13,573.076843,80.885025,245.740005,94516.523438
2025-01-14,573.865356,80.752472,247.029999,96534.046875
2025-01-15,584.303955,82.144287,248.880005,100504.492188
2025-01-16,583.180237,82.409378,250.600006,99756.906250
2025-01-17,589.035339,82.551392,249.270004,104462.039062
2025-01-21,594.427124,83.289879,253.130005,106146.265625
2025-01-22,597.768616,82.854355,254.429993,103653.070312
2025-01-23,601.031311,82.210548,254.070007,103960.171875
2025-01-24,599.276733,82.579803,255.649994,104819.484375
2025-01-27,590.799683,83.555000,252.990005,102087.687500
2025-01-28,595.876038,83.498184,255.179993,101332.476562
2025-01-29,593.204834,83.327759,254.199997,103703.210938
2025-01-30,596.388611,83.640205,258.049988,104735.304688
2025-01-31,593.214722,83.091080,258.559998,102405.023438
2025-02-03,589.222595,83.767593,259.940002,101405.421875
2025-02-04,593.175293,84.024147,262.500000,97871.820312
2025-02-05,595.580322,85.411415,264.130005,96615.445312
2025-02-06,597.650330,85.373383,263.429993,96593.296875
2025-02-07,592.179749,84.822281,263.899994,96529.085938
2025-02-10,596.201294,84.565758,268.369995,97437.554688
2025-02-11,596.654724,84.024147,267.390015,95747.429688
2025-02-12,594.732727,82.883926,267.670013,97885.859375
2025-02-13,601.011597,84.261696,270.309998,96623.867188
2025-02-14,600.981995,84.708260,266.290009,97508.968750
2025-02-18,602.746338,83.710587,270.700012,95539.546875
2025-02-19,604.165771,83.815102,270.850006,96635.609375
2025-02-20,601.652283,84.128670,270.989990,98333.937500
2025-02-21,591.361572,85.145348,270.739990,96125.546875
2025-02-24,588.670593,85.392395,272.209991,91418.171875
2025-02-25,585.743103,86.865181,268.619995,88736.171875
2025-02-26,586.038757,87.378265,269.029999,84347.023438
2025-02-27,576.684448,86.760651,264.929993,84704.226562
2025-02-28,585.683960,87.824852,263.269989,84373.007812
2025-03-03,575.422729,88.234703,266.739990,86065.671875
2025-03-04,568.611572,87.148109,269.059998,87222.195312
2025-03-05,574.722961,86.452309,269.619995,90623.562500
2025-03-06,564.520996,86.166344,268.250000,89961.726562
2025-03-07,567.685059,85.889938,268.390015,86742.671875
2025-03-10,552.564331,86.785896,266.040009,78532.000000
2025-03-11,547.970947,86.166344,269.160004,82862.210938
2025-03-12,550.878784,85.651634,270.329987,83722.359375
2025-03-13,543.535339,86.404625,275.130005,81066.703125
2025-03-14,554.762451,85.947098,275.239990,83969.101562
2025-03-17,559.040466,86.376045,276.730011,84075.687500
2025-03-18,552.998108,86.461823,279.959991,82718.500000
2025-03-19,559.020752,86.909805,281.109985,86854.226562
2025-03-20,557.404114,86.967003,280.750000,84167.195312
2025-03-21,557.587952,86.452309,278.489990,84043.242188
2025-03-24,567.573608,85.565834,277.250000,87498.914062
2025-03-25,568.937988,85.556297,278.470001,87471.703125
2025-03-26,562.145874,84.993950,278.239990,86900.882812
2025-03-27,560.652893,84.746124,281.970001,87177.101562
2025-03-28,549.362366,85.918518,284.059998,84353.148438
2025-03-31,553.050049,86.766830,288.140015,82548.914062
2025-04-01,554.612122,87.518715,287.570007,85169.171875
2025-04-02,558.121948,87.461342,288.160004,82485.710938
2025-04-03,530.617249,87.863091,286.420013,83102.828125
2025-04-04,499.553345,88.819679,279.720001,83843.804688
2025-04-07,498.663544,86.141220,273.709991,79235.335938
2025-04-08,490.853119,84.515022,275.200012,76271.953125
2025-04-09,542.402161,85.012444,285.380005,82573.953125
2025-04-10,518.634583,82.668793,292.350006,79626.140625
2025-04-11,527.888550,83.118401,297.929993,83404.835938
2025-04-14,533.009827,83.711479,296.230011,84542.390625
2025-04-15,531.516968,84.008018,297.779999,83668.992188
2025-04-16,519.702332,84.476738,307.470001,84033.867188
2025-04-17,520.443848,83.730614,306.119995,84895.750000
2025-04-21,508.055847,82.267021,315.589996,87518.906250
2025-04-22,521.274292,82.726189,311.109985,93441.890625
2025-04-23,529.351746,83.529724,303.649994,93699.109375
2025-04-24,540.494019,84.409782,308.070007,93943.796875
2025-04-25,544.399292,85.031593,304.730011,94720.500000
2025-04-28,544.606873,85.567276,309.070007,94978.750000
2025-04-29,548.037598,86.284721,306.059998,94284.789062
2025-04-30,548.255005,85.586395,303.769989,94207.312500
2025-05-01,552.140442,85.152420,297.459991,96492.335938
2025-05-02,560.336487,84.230728,297.980011,96910.070312
2025-05-05,557.123413,83.760254,306.880005,94748.054688
2025-05-06,552.466797,84.038704,315.480011,96802.476562
2025-05-07,554.790161,84.393944,310.750000,97032.320312
2025-05-08,558.655823,83.453026,304.630005,103241.460938
2025-05-09,557.943970,83.577850,306.839996,102970.851562
2025-05-12,576.382629,82.800148,298.190002,102812.953125
2025-05-13,580.188965,82.464119,299.459991,104169.812500
2025-05-14,580.930481,81.916847,293.160004,103539.414062
2025-05-15,583.767944,82.636940,297.839996,103744.640625
2025-05-16,587.465576,82.857765,294.239990,103489.289062
2025-05-19,588.108154,82.617744,298.029999,105606.179688
2025-05-20,586.130798,82.022461,303.579987,106791.085938
2025-05-21,576.254089,80.620697,305.820007,109678.078125
2025-05-22,576.481506,81.043152,303.109985,111673.281250
2025-05-23,572.546509,81.177574,309.750000,107287.796875
2025-05-27,584.450134,82.310486,304.500000,108994.640625
2025-05-28,581.068909,81.955246,303.809998,107802.328125
2025-05-29,583.362610,82.713745,305.609985,105641.757812
2025-05-30,582.710144,82.838554,303.600006,103998.570312
2025-06-02,585.992432,82.067612,311.670013,105881.531250
2025-06-03,589.334167,81.923058,308.910004,105432.468750
2025-06-04,589.175964,83.252953,310.899994,104731.984375
2025-06-05,586.328552,83.310753,309.329987,101575.953125
2025-06-06,592.349548,82.250710,305.179993,104390.343750
2025-06-09,592.883423,82.337433,306.619995,110294.101562
2025-06-10,596.244934,82.761459,306.709991,110257.234375
2025-06-11,594.544373,83.012009,308.369995,108686.625000
2025-06-12,596.907349,84.004616,312.200012,105929.054688
2025-06-13,590.233826,83.195129,316.290009,106090.968750
2025-06-16,595.849426,82.356712,311.779999,106796.757812
2025-06-17,590.757874,83.358948,311.940002,104601.117188
2025-06-18,590.668823,83.503494,310.260010,104883.328125
2025-06-20,589.281616,83.349312,310.130005,103309.601562
2025-06-23,595.102234,83.619133,311.079987,105577.773438
2025-06-24,601.676514,84.226280,306.190002,106045.632812
2025-06-25,602.013611,84.332275,307.119995,107361.257812
2025-06-26,606.723633,84.756287,306.779999,106960.000000
2025-06-27,609.738098,84.216629,301.220001,107088.429688
2025-06-30,612.653381,85.045403,304.829987,107135.335938
2025-07-01,612.455078,85.256271,307.549988,105698.281250
2025-07-02,615.231506,84.714592,309.250000,108859.320312
2025-07-03,620.080383,84.124542,307.140015,109647.976562
2025-07-07,615.459534,83.321693,307.369995,108299.851562
2025-07-08,615.122437,83.215294,304.160004,108950.273438
2025-07-09,618.811096,84.085861,305.519989,111326.554688
2025-07-10,620.556335,84.143898,306.200012,115987.203125
2025-07-11,618.374817,82.983162,309.140015,117516.992188
2025-07-14,619.554810,82.809029,308.010010,119849.703125
2025-07-15,616.907288,82.228676,306.730011,117777.187500
2025-07-16,618.969727,82.344749,308.260010,118738.507812
2025-07-17,622.757629,82.325394,307.589996,119289.843750
2025-07-18,622.301453,82.451134,308.390015,118003.226562
2025-07-21,623.481506,83.186279,313.130005,117439.539062
2025-07-22,623.570740,83.689262,316.100006,119995.414062
2025-07-23,628.875793,83.224983,312.179993,118754.960938
2025-07-24,629.083923,83.079887,310.269989,118368.000000
2025-07-25,631.741394,83.602211,307.399994,117635.882812
2025-07-28,631.582825,83.060547,305.410004,117924.476562
2025-07-29,629.916931,84.463089,306.250000,117922.148438
2025-07-30,629.123657,84.027817,300.959991,117831.187500
2025-07-31,626.763672,84.076180,302.959991,115758.203125
2025-08-01,616.490784,85.271446,309.109985,113320.085938
2025-08-04,625.861267,85.504494,310.910004,115071.882812
2025-08-05,622.688232,85.766663,311.160004,114141.445312
2025-08-06,627.457764,85.271446,310.500000,115028.000000
2025-08-07,626.932190,85.125809,313.119995,117496.898438
2025-08-08,631.820801,84.756844,313.049988,116688.726562
2025-08-11,630.571350,84.853935,308.549988,118731.445312
2025-08-12,637.284424,84.426704,308.269989,120172.906250
2025-08-13,639.465881,85.125809,309.209991,123344.062500
2025-08-14,639.525452,84.494667,307.250000,118359.578125
2025-08-15,638.028137,83.892662,307.429993,117398.351562
2025-08-18,637.889282,83.649925,306.950012,116252.312500
2025-08-19,634.428650,84.135406,305.269989,112831.179688
2025-08-20,632.742981,84.319885,308.359985,114274.742188
2025-08-21,630.204468,83.902374,307.290009,112419.031250
2025-08-22,639.882324,84.523811,310.579987,116874.085938
2025-08-25,637.066284,84.281059,309.829987,110124.351562
2025-08-26,639.733582,84.232506,312.079987,111802.656250
2025-08-27,641.191284,84.135406,312.709991,111222.062500
2025-08-28,643.461975,84.688873,315.029999,112544.804688
2025-08-29,639.624573,84.086845,318.070007,108410.835938
2025-09-02,634.884766,83.461113,325.589996,111200.585938
2025-09-03,638.325562,84.377312,328.140015,111723.210938
2025-09-04,643.660278,85.020592,326.690002,110723.601562
2025-09-05,641.796143,86.316910,331.049988,110650.984375
2025-09-08,643.372742,87.467026,334.820007,112071.429688
2025-09-09,644.860168,86.969948,334.059998,111530.546875
2025-09-10,646.724365,87.467026,335.260010,113955.359375
2025-09-11,652.098816,88.051819,334.760010,115507.539062
2025-09-12,651.880554,87.671700,335.420013,116101.578125
2025-09-15,655.351135,87.876389,338.910004,115444.875000
2025-09-16,654.448853,88.061577,339.589996,116843.187500
2025-09-17,653.635681,87.837402,336.970001,116468.507812
2025-09-18,656.689880,86.930962,335.619995,117137.203125
2025-09-19,659.942322,86.765266,339.179993,115688.859375
2025-09-22,663.064575,86.453362,345.049988,112748.507812
2025-09-23,659.455139,87.057663,346.459991,112014.500000
2025-09-24,657.356995,86.726273,343.320007,113328.632812
2025-09-25,654.324280,86.726273,344.750000,109049.289062
2025-09-26,658.072998,86.648300,346.739990,109712.828125
2025-09-29,659.922424,87.359802,352.459991,114400.382812
2025-09-30,662.408264,87.106400,355.470001,114056.085938
2025-10-01,664.665405,87.331352,356.029999,118648.929688
2025-10-02,665.430969,87.585655,354.790009,120681.257812
2025-10-03,665.421143,87.419380,357.640015,122266.531250
2025-10-06,667.807495,86.724953,364.380005,124752.531250
2025-10-07,665.331604,87.223763,366.260010,121451.382812
2025-10-08,669.299011,87.292221,372.299988,123354.867188
2025-10-09,667.360046,87.223763,365.429993,121705.585938
2025-10-10,649.322754,88.632187,369.119995,113214.367188
2025-10-13,659.286011,88.583275,378.089996,115271.078125
2025-10-14,658.480591,88.866905,380.790009,113118.664062
2025-10-15,661.403931,88.671303,387.390015,110783.164062
2025-10-16,656.899597,89.336372,396.450012,108186.039062
2025-10-17,660.628418,89.199448,388.989990,106467.789062
2025-10-20,667.499268,89.541771,403.149994,110588.929688
2025-10-21,667.489319,89.981903,377.239990,108476.890625
2025-10-22,664.019104,90.040588,377.279999,107688.585938
2025-10-23,667.956665,89.424408,378.790009,110069.726562
2025-10-24,673.415588,89.463531,377.519989,111033.921875
2025-10-27,681.360352,89.766731,367.010010,114119.328125
2025-10-28,683.170044,90.001457,364.380005,112956.164062
2025-10-29,683.498230,89.091866,363.000000,110055.304688
2025-10-30,675.981018,88.573486,370.130005,108305.546875
2025-10-31,678.198303,88.309410,368.119995,109556.164062
2025-11-03,679.471130,88.088562,368.779999,106547.523438
2025-11-04,671.416992,88.284874,362.320007,101590.523438
2025-11-05,673.743713,87.322906,366.510010,103891.835938
2025-11-06,666.514893,88.108185,366.070007,101301.289062
2025-11-07,667.171082,87.921677,368.309998,103372.406250
2025-11-10,677.581848,87.902061,378.380005,105996.593750
2025-11-11,679.132996,88.304512,379.869995,102997.468750
2025-11-12,679.510925,88.461571,385.989990,101663.187500
2025-11-13,668.235107,87.735184,382.869995,99697.492188
2025-11-14,668.125671,87.234573,375.959991,94397.789062
2025-11-17,661.901123,87.450516,371.649994,92093.875000
2025-11-18,656.342773,87.421059,374.350006,92948.875000
2025-11-19,658.878357,87.244385,374.959991,91465.992188
2025-11-20,648.835571,87.587952,374.850006,86631.898438
2025-11-21,655.298767,87.852982,374.269989,85090.687500
2025-11-24,664.943787,88.353600,380.200012,88270.562500
2025-11-25,671.198242,88.579353,380.079987,87341.890625
2025-11-26,675.831848,88.971992,383.119995,90518.367188
2025-11-28,679.520813,88.549904,387.880005,90919.265625
2025-12-01,676.418457,87.447578,389.750000,86321.570312
2025-12-02,677.671387,87.486977,387.239990,91350.203125
2025-12-03,680.018005,87.733246,386.880005,93527.804688
2025-12-04,680.515137,87.260406,387.130005,92141.625000
2025-12-05,681.807800,86.856522,386.440002,89387.757812
2025-12-08,679.759460,86.570831,385.420013,90640.203125
2025-12-09,679.172791,86.659492,387.399994,92691.710938
2025-12-10,683.677185,86.994423,389.049988,92020.945312
2025-12-11,685.268066,86.876213,393.239990,92511.335938
2025-12-12,677.900085,86.038872,395.440002,90270.414062
2025-12-15,676.875854,86.097984,395.799988,86419.781250
2025-12-16,675.026428,86.570831,395.890015,87843.984375
2025-12-17,667.598694,86.492027,399.290009,86143.757812
2025-12-18,672.639954,86.905769,398.570007,85462.507812
2025-12-19,678.736389,86.581398,399.019989,88103.382812
2025-12-22,682.964844,86.393501,408.230011,88490.015625
2025-12-23,686.086304,86.531952,413.640015,87414.000000
2025-12-24,688.499695,87.056084,411.929993,87611.960938
2025-12-26,688.429871,86.769302,416.739990,87301.429688
2025-12-29,685.976562,87.095642,398.600006,87138.140625
2025-12-30,685.138916,86.887970,398.890015,88430.132812
2025-12-31,680.062744,86.195717,396.309998,87508.828125
2026-01-02,681.309326,86.067154,398.279999,89944.695312
2026-01-05,685.846924,86.492393,408.760010,93882.554688
2026-01-06,689.925781,86.314392,413.179993,93729.031250
2026-01-07,687.701904,86.818748,409.230011,91308.054688
2026-01-08,687.632080,86.383614,411.489990,91027.125000
2026-01-09,692.179626,86.957199,414.470001,90513.101562
2026-01-12,693.266663,86.700073,422.230011,91192.992188
2026-01-13,691.880493,86.848412,421.630005,95321.781250
2026-01-14,688.479736,87.352768,425.940002,96929.328125
2026-01-15,690.354614,87.332985,423.329987,95551.187500
2026-01-16,689.776184,86.828636,421.290009,95525.117188
2026-01-20,675.734558,85.691353,437.230011,88310.906250
2026-01-21,683.533264,86.344055,443.600006,89376.960938
2026-01-22,687.103516,86.719856,451.790009,89462.453125
2026-01-23,687.352783,86.957199,458.000000,89503.875000
2026-01-26,690.843262,87.372543,464.700012,88267.140625
2026-01-27,693.595764,86.828636,476.100006,89102.570312
2026-01-28,693.525940,86.630844,494.559998,89184.570312
2026-01-29,692.149719,86.650620,495.899994,84561.585938
2026-01-30,690.085327,86.166039,444.950012,84128.656250
2026-02-02,693.515991,85.919853,427.130005,78688.765625
2026-02-03,687.652039,86.128326,454.290009,75633.546875
2026-02-04,684.321106,85.909927,453.970001,73019.703125
2026-02-05,675.774475,86.843079,441.880005,62702.097656
2026-02-06,688.739014,86.902641,455.459991,70555.390625
2026-02-09,692.059998,86.882782,467.029999,70120.781250
2026-02-10,690.234924,87.885437,462.399994,68793.960938
2026-02-11,690.075439,87.418854,467.630005,66991.968750
2026-02-12,679.414551,88.580338,451.390015,66221.843750
2026-02-13,679.893188,89.066772,462.619995,68857.843750
2026-02-17,680.990173,89.215683,448.200012,67494.218750
2026-02-18,684.420837,88.878151,458.279999,66425.320312
2026-02-19,682.615723,88.967499,459.559998,66957.523438
2026-02-20,687.552307,88.759033,468.619995,68005.421875
2026-02-23,680.531494,89.086624,481.279999,64616.738281
2026-02-24,685.477905,89.245461,474.609985,64080.042969
2026-02-25,691.262207,89.255394,473.420013,67960.125000
2026-02-26,687.422607,89.612762,477.480011,67453.773438
2026-02-27,684.121643,90.158760,483.750000,65881.796875
2026-03-02,684.510620,89.253380,490.000000,68775.851562
2026-03-03,678.477112,89.074097,468.140015,68293.648438
2026-03-04,683.263977,88.795212,471.799988,72710.578125
2026-03-05,679.454407,88.436646,466.130005,70841.125000
2026-03-06,670.548706,88.107956,473.510010,68136.492188
2026-03-09,676.422729,88.874893,472.529999,68402.382812
2026-03-10,675.335632,87.928673,477.859985,69926.921875
2026-03-11,674.487976,86.793213,476.239990,70204.882812
2026-03-12,664.245911,86.623886,466.880005,70493.460938
2026-03-13,660.486206,86.195602,460.839996,70968.265625
2026-03-16,667.207886,86.862930,460.429993,74861.085938
2026-03-17,668.963013,87.101974,459.269989,73922.476562
2026-03-18,659.628540,86.613922,444.739990,71245.578125
2026-03-19,658.002991,87.141815,426.410004,69912.789062
2026-03-20,648.570007,85.488426,413.380005,70522.585938
2026-03-23,655.380005,86.046196,404.040009,70914.859375
2026-03-24,653.179993,85.667709,404.130005,70517.859375
2026-03-25,656.820007,86.494400,416.290009,71309.882812
2026-03-26,645.090027,85.767311,400.640015,68791.625000
2026-03-27,634.090027,85.299179,414.700012,66338.375000
2026-03-30,631.969971,86.434639,414.579987,66691.445312
2026-03-31,650.340027,86.345001,430.290009,68233.312500
2026-04-01,655.239990,86.260002,437.820007,68078.554688
2026-04-02,655.830017,86.790001,429.410004,66888.570312
2026-04-06,658.929993,86.650002,427.649994,68859.828125
2026-04-07,659.219971,86.639999,431.809998,71940.703125
2026-04-08,676.010010,86.919998,434.529999,71123.359375
2026-04-09,679.909973,86.699997,437.910004,71767.828125
2026-04-10,679.460022,86.489998,437.130005,72979.046875
2026-04-13,686.099976,86.750000,435.359985,74484.640625
2026-04-14,694.460022,87.209999,445.089996,74181.609375
2026-04-15,699.940002,86.830002,440.459991,74805.078125
2026-04-16,701.659973,86.279999,440.079987,75152.132812
2026-04-17,710.140015,87.070000,445.929993,77126.875000
2026-04-20,708.719971,87.050003,442.089996,75872.523438
2026-04-21,704.080017,86.570000,429.570007,76352.773438
2026-04-22,711.210022,86.739998,435.260010,78203.101562
2026-04-23,708.450012,86.550003,431.040009,78268.953125
2026-04-24,713.940002,86.709999,433.250000,77455.312500
2026-04-27,715.169983,86.279999,429.890015,77366.625000
2026-04-28,711.690002,86.370003,421.910004,76350.671875
2026-04-29,711.580017,85.699997,417.410004,75776.132812
2026-04-30,718.659973,85.620003,423.660004,76483.062500
